product,year,rev_op_type,sales_budget_type,region,total,ytd,ytd_gap,rank_total,rank_ytd_gap,share_pct
CDE,2024,Gross,Actual,AZ,6087904672,3048385165,-1038986367,28,11,0.26
CDE,2024,Gross,Budget,AZ,7428371116,4087371532,0,25,1,0.32
CDE,2024,Gross,Forecast,AZ,4203374887,2489003330,-1598368202,29,10,0.19
CDE,2024,Net,Actual,AZ,6619487565,2709591008,279281165,27,16,0.26
CDE,2024,Net,Budget,AZ,5617825054,2430309843,0,27,1,0.23
CDE,2024,Net,Forecast,AZ,3477362048,1351721478,-1078588365,32,8,0.14
CDE,2024,Op,Actual,AZ,4622722407,3617403984,363262495,30,17,0.19
CDE,2024,Op,Budget,AZ,7125445594,3254141489,0,26,1,0.3
CDE,2024,Op,Forecast,AZ,3653514539,1988441631,-1265699858,31,9,0.16
CDE,2025,Gross,Actual,AZ,4024424362,2272050138,-327065107,31,14,0.22
CDE,2025,Gross,Budget,AZ,6216083094,2599115245,0,27,1,0.25
CDE,2025,Gross,Forecast,AZ,5877736872,3250949078,651833833,27,23,0.29
CDE,2025,Net,Actual,AZ,4399975576,2842833424,-259220179,30,19,0.19
CDE,2025,Net,Budget,AZ,3757879172,3102053603,0,30,1,0.15
CDE,2025,Net,Forecast,AZ,6536764521,2940521976,-161531627,28,21,0.3
CDE,2025,Op,Actual,AZ,7077775676,4681354434,2098258698,24,25,0.31
CDE,2025,Op,Budget,AZ,6056657723,2583095736,0,28,1,0.24
CDE,2025,Op,Forecast,AZ,5339867434,2563789286,-19306450,29,20,0.21
PJ,2024,Gross,Actual,AZ,4875418396,2990745874,1507663873,28,23,0.21
PJ,2024,Gross,Budget,AZ,3695621176,1483082001,0,29,1,0.16
PJ,2024,Gross,Forecast,AZ,5322647226,3416928838,1933846837,29,28,0.24
PJ,2024,Net,Actual,AZ,6390616337,3339554268,84948397,27,19,0.26
PJ,2024,Net,Budget,AZ,5808439306,3254605871,0,27,1,0.23
PJ,2024,Net,Forecast,AZ,3040539255,1345009948,-1909595923,32,5,0.12
PJ,2024,Op,Actual,AZ,3880968285,2563674281,429119379,32,25,0.15
PJ,2024,Op,Budget,AZ,5537821656,2134554902,0,29,1,0.23
PJ,2024,Op,Forecast,AZ,7033082417,3765307204,1630752302,26,24,0.27
PJ,2025,Gross,Actual,AZ,7530733300,4133128800,1281159599,26,12,0.25
PJ,2025,Gross,Budget,AZ,4928124551,2851969201,0,27,1,0.24
PJ,2025,Gross,Forecast,AZ,5408988308,1704295268,-1147673933,29,10,0.24
PJ,2025,Net,Actual,AZ,6972626600,3750185600,1326649115,27,13,0.21
PJ,2025,Net,Budget,AZ,4286140534,2423536485,0,29,1,0.18
PJ,2025,Net,Forecast,AZ,4429887658,2510462380,86925895,30,18,0.19
PJ,2025,Op,Actual,AZ,6972626600,3750185600,518622094,27,9,0.21
PJ,2025,Op,Budget,AZ,6482161923,3231563506,0,26,1,0.23
PJ,2025,Op,Forecast,AZ,3561217434,1833088207,-1398475299,30,13,0.14
CDE,2024,Gross,Actual,BD+,18357091757,7369024919,-919583186,18,12,0.8
CDE,2024,Gross,Budget,BD+,14829398661,8288608105,0,19,1,0.63
CDE,2024,Gross,Forecast,BD+,14762618803,10050659396,1762051291,19,26,0.68
CDE,2024,Net,Actual,BD+,17093862818,9155569203,-439863649,18,11,0.68
CDE,2024,Net,Budget,BD+,17022952280,9595432852,0,19,1,0.7
CDE,2024,Net,Forecast,BD+,9999024015,3633191622,-5962241230,21,5,0.41
CDE,2024,Op,Actual,BD+,26313642322,13237143809,4813745076,15,26,1.09
CDE,2024,Op,Budget,BD+,18586765794,8423398733,0,17,1,0.78
CDE,2024,Op,Forecast,BD+,13410020947,4454327515,-3969071218,20,5,0.61
CDE,2025,Gross,Actual,BD+,19831648495,8441197286,972039791,18,24,1.07
CDE,2025,Gross,Budget,BD+,16300562446,7469157495,0,18,1,0.66
CDE,2025,Gross,Forecast,BD+,14641502515,8020322378,551164883,19,22,0.73
CDE,2025,Net,Actual,BD+,14185290560,5670118686,-6229839731,19,7,0.6
CDE,2025,Net,Budget,BD+,23075125034,11899958417,0,17,1,0.95
CDE,2025,Net,Forecast,BD+,15518313151,6174243881,-5725714536,19,7,0.7
CDE,2025,Op,Actual,BD+,16701822429,10954077444,-4271337643,18,6,0.73
CDE,2025,Op,Budget,BD+,22409120674,15225415087,0,16,1,0.91
CDE,2025,Op,Forecast,BD+,11410326972,5009156907,-10216258180,19,3,0.46
PJ,2024,Gross,Actual,BD+,18632941895,7811298259,-3873253208,18,7,0.81
PJ,2024,Gross,Budget,BD+,21428064824,11684551467,0,18,1,0.9
PJ,2024,Gross,Forecast,BD+,17340609562,12429050521,744499054,18,23,0.79
PJ,2024,Net,Actual,BD+,22262759771,12994144395,9143695626,15,32,0.89
PJ,2024,Net,Budget,BD+,16272287050,3850448769,0,19,1,0.64
PJ,2024,Net,Forecast,BD+,17504805837,8589802699,4739353930,18,28,0.7
PJ,2024,Op,Actual,BD+,14321724750,9475829524,-1277024346,19,16,0.55
PJ,2024,Op,Budget,BD+,18229746208,10752853870,0,19,1,0.75
PJ,2024,Op,Forecast,BD+,16680360901,9247098333,-1505755537,19,11,0.65
PJ,2025,Gross,Actual,BD+,23050406700,11570983300,197706686,16,5,0.77
PJ,2025,Gross,Budget,BD+,19838726680,11373276614,0,16,1,0.98
PJ,2025,Gross,Forecast,BD+,12007065891,5135022548,-6238254066,19,3,0.53
PJ,2025,Net,Actual,BD+,22640853700,11333015800,6869352420,16,23,0.68
PJ,2025,Net,Budget,BD+,12472362262,4463663380,0,20,1,0.54
PJ,2025,Net,Forecast,BD+,20686798919,9974295630,5510632250,16,30,0.87
PJ,2025,Op,Actual,BD+,22640853700,11333015800,-2985414642,16,2,0.68
PJ,2025,Op,Budget,BD+,24757645956,14318430442,0,17,1,0.89
PJ,2025,Op,Forecast,BD+,22482874141,14767043915,448613473,18,22,0.92
CDE,2024,Gross,Actual,CE,28129639058,10838799857,3760521179,15,29,1.22
CDE,2024,Gross,Budget,CE,26339067675,7078278678,0,15,1,1.12
CDE,2024,Gross,Forecast,CE,25641948758,8508511304,1430232626,14,24,1.17
CDE,2024,Net,Actual,CE,18346966513,6163357999,-5017655538,17,5,0.73
CDE,2024,Net,Budget,CE,27471806864,11181013537,0,13,1,1.14
CDE,2024,Net,Forecast,CE,18292044648,8129693184,-3051320353,17,6,0.74
CDE,2024,Op,Actual,CE,26519792174,13975541432,8055109078,14,28,1.1
CDE,2024,Op,Budget,CE,16343380220,5920432354,0,18,1,0.69
CDE,2024,Op,Forecast,CE,23956609626,8831333879,2910901525,16,27,1.08
CDE,2025,Gross,Actual,CE,28969275780,9449449086,-1435129029,12,10,1.57
CDE,2025,Gross,Budget,CE,28242978606,10884578115,0,13,1,1.14
CDE,2025,Gross,Forecast,CE,15937493936,7379552284,-3505025831,18,6,0.79
CDE,2025,Net,Actual,CE,29146576073,10165014673,455764745,12,26,1.24
CDE,2025,Net,Budget,CE,24068468924,9709249928,0,16,1,0.99
CDE,2025,Net,Forecast,CE,21514316962,9419368311,-289881617,17,18,0.97
CDE,2025,Op,Actual,CE,22331633372,10794293372,2711130084,16,27,0.98
CDE,2025,Op,Budget,CE,15619320515,8083163288,0,20,1,0.63
CDE,2025,Op,Forecast,CE,19434347649,11139679325,3056516037,16,28,0.78
PJ,2024,Gross,Actual,CE,20164723434,10963623546,3354397647,17,27,0.88
PJ,2024,Gross,Budget,CE,23743430180,7609225899,0,16,1,1.0
PJ,2024,Gross,Forecast,CE,20423621141,6734438706,-874787193,14,12,0.93
PJ,2024,Net,Actual,CE,15173322554,5712003498,-1332543770,19,9,0.61
PJ,2024,Net,Budget,CE,22106249168,7044547268,0,15,1,0.86
PJ,2024,Net,Forecast,CE,16800640081,8590931820,1546384552,19,23,0.67
PJ,2024,Op,Actual,CE,19287537277,5456487801,-3198389682,17,10,0.75
PJ,2024,Op,Budget,CE,25299659671,8654877483,0,16,1,1.04
PJ,2024,Op,Forecast,CE,17065672684,9621044337,966166854,18,22,0.66
PJ,2025,Gross,Actual,CE,33887370000,12434940000,4176440000,13,20,1.14
PJ,2025,Gross,Budget,CE,28749239941,8258500000,0,11,1,1.42
PJ,2025,Gross,Forecast,CE,21917186993,10889282627,2630782627,16,24,0.96
PJ,2025,Net,Actual,CE,30281910000,12431280000,1479575883,14,15,0.9
PJ,2025,Net,Budget,CE,19882999838,10951704117,0,16,1,0.85
PJ,2025,Net,Forecast,CE,17547145667,9441260167,-1510443950,18,10,0.74
PJ,2025,Op,Actual,CE,30281910000,12431280000,2109618645,14,17,0.9
PJ,2025,Op,Budget,CE,27998492405,10321661355,0,15,1,1.01
PJ,2025,Op,Forecast,CE,24582217698,9462951609,-858709746,16,17,1.0
CDE,2024,Gross,Actual,CH,3021136039,926350277,-356737330,32,15,0.13
CDE,2024,Gross,Budget,CH,2607818165,1283087607,0,31,1,0.11
CDE,2024,Gross,Forecast,CH,2624998712,1490551611,207464004,32,18,0.12
CDE,2024,Net,Actual,CH,1792454623,767691046,-207855977,33,12,0.07
CDE,2024,Net,Budget,CH,1757629648,975547023,0,33,1,0.07
CDE,2024,Net,Forecast,CH,2535400894,1268650775,293103752,33,15,0.1
CDE,2024,Op,Actual,CH,791159591,201972869,-931030556,33,9,0.03
CDE,2024,Op,Budget,CH,2374394065,1133003425,0,33,1,0.1
CDE,2024,Op,Forecast,CH,1867141643,846700616,-286302809,33,17,0.08
CDE,2025,Gross,Actual,CH,2534025969,1264749879,-252703278,32,15,0.14
CDE,2025,Gross,Budget,CH,2900445970,1517453157,0,31,1,0.12
CDE,2025,Gross,Forecast,CH,2512145686,1044478754,-472974403,32,14,0.12
CDE,2025,Net,Actual,CH,1824270410,1059080613,200743440,33,23,0.08
CDE,2025,Net,Budget,CH,2032357541,858337173,0,33,1,0.08
CDE,2025,Net,Forecast,CH,2556692767,1036077071,177739898,32,23,0.12
CDE,2025,Op,Actual,CH,1966553248,811588942,-714976490,33,10,0.09
CDE,2025,Op,Budget,CH,2961015929,1526565432,0,33,1,0.12
CDE,2025,Op,Forecast,CH,2149309698,1339335254,-187230178,33,18,0.09
PJ,2024,Gross,Actual,CH,2313550122,1537127934,168499989,32,18,0.1
PJ,2024,Gross,Budget,CH,2754016735,1368627945,0,32,1,0.12
PJ,2024,Gross,Forecast,CH,1805054671,905689978,-462937967,32,14,0.08
PJ,2024,Net,Actual,CH,2358012035,1297667625,-271149811,33,16,0.09
PJ,2024,Net,Budget,CH,2305120074,1568817436,0,32,1,0.09
PJ,2024,Net,Forecast,CH,2572406059,1513865388,-54952048,33,13,0.1
PJ,2024,Op,Actual,CH,2533124016,1119813493,7672082,33,22,0.1
PJ,2024,Op,Budget,CH,2719772485,1112141411,0,33,1,0.11
PJ,2024,Op,Forecast,CH,1459523737,682210186,-429931225,33,15,0.06
PJ,2025,Gross,Actual,CH,3382930000,1763210000,2605661,30,4,0.11
PJ,2025,Gross,Budget,CH,3239838873,1760604339,0,32,1,0.16
PJ,2025,Gross,Forecast,CH,2141762533,552875285,-1207729054,32,8,0.09
PJ,2025,Net,Actual,CH,3235500000,1710760000,-203409789,31,5,0.1
PJ,2025,Net,Budget,CH,2757296860,1914169789,0,32,1,0.12
PJ,2025,Net,Forecast,CH,2772127166,1560176462,-353993327,33,13,0.12
PJ,2025,Op,Actual,CH,3235500000,1710760000,234669981,31,8,0.1
PJ,2025,Op,Budget,CH,2167807870,1476090019,0,33,1,0.08
PJ,2025,Op,Forecast,CH,2496748615,1424483640,-51606379,32,21,0.1
CDE,2024,Gross,Actual,DC,19902349851,7924605112,3129178436,17,28,0.87
CDE,2024,Gross,Budget,DC,21445163505,4795426676,0,17,1,0.92
CDE,2024,Gross,Forecast,DC,19872702182,8653243376,3857816700,18,29,0.91
CDE,2024,Net,Actual,DC,14602235901,4783471213,-1929137029,19,6,0.58
CDE,2024,Net,Budget,DC,17120479754,6712608242,0,18,1,0.71
CDE,2024,Net,Forecast,DC,15222966006,4052931020,-2659677222,19,7,0.62
CDE,2024,Op,Actual,DC,17389248438,5078191562,937991317,19,22,0.72
CDE,2024,Op,Budget,DC,11990977924,4140200245,0,20,1,0.5
CDE,2024,Op,Forecast,DC,16766568477,6042644745,1902444500,19,26,0.76
CDE,2025,Gross,Actual,DC,27742212147,9757474651,4408043596,13,31,1.5
CDE,2025,Gross,Budget,DC,25092813823,5349431055,0,15,1,1.01
CDE,2025,Gross,Forecast,DC,20287550154,7510233569,2160802514,16,25,1.0
CDE,2025,Net,Actual,DC,13887296157,2244897931,-5970259558,20,8,0.59
CDE,2025,Net,Budget,DC,20331834118,8215157489,0,18,1,0.84
CDE,2025,Net,Forecast,DC,20485703070,5706976966,-2508180523,18,9,0.93
CDE,2025,Op,Actual,DC,13693120424,4997990045,-293302321,19,14,0.6
CDE,2025,Op,Budget,DC,16467125778,5291292366,0,19,1,0.67
CDE,2025,Op,Forecast,DC,13150374420,5139814570,-151477796,17,19,0.52
PJ,2024,Gross,Actual,DC,21769928752,7272177205,1647718318,16,24,0.95
PJ,2024,Gross,Budget,DC,24394215974,5624458887,0,14,1,1.03
PJ,2024,Gross,Forecast,DC,20344487244,6933010747,1308551860,15,26,0.92
PJ,2024,Net,Actual,DC,13078055153,4630025851,635059619,20,22,0.53
PJ,2024,Net,Budget,DC,15493125556,3994966232,0,20,1,0.61
PJ,2024,Net,Forecast,DC,11819272796,5518775403,1523809171,20,22,0.47
PJ,2024,Op,Actual,DC,16578709743,4730866470,1773026817,18,29,0.64
PJ,2024,Op,Budget,DC,9823886177,2957839653,0,21,1,0.4
PJ,2024,Op,Forecast,DC,12922163419,4351160171,1393320518,20,23,0.5
PJ,2025,Gross,Actual,DC,28532270000,9503670000,2561341652,15,16,0.96
PJ,2025,Gross,Budget,DC,15418251437,6942328348,0,19,1,0.76
PJ,2025,Gross,Forecast,DC,20903624392,10962360491,4020032143,17,27,0.92
PJ,2025,Net,Actual,DC,20429750000,6731220000,2242986673,18,17,0.61
PJ,2025,Net,Budget,DC,14337278951,4488233327,0,18,1,0.62
PJ,2025,Net,Forecast,DC,8638662900,3050050508,-1438182819,24,11,0.36
PJ,2025,Op,Actual,DC,20429750000,6731220000,2878191012,18,23,0.61
PJ,2025,Op,Budget,DC,11291197190,3853028988,0,20,1,0.41
PJ,2025,Op,Forecast,DC,17488431342,5301511433,1448482445,19,29,0.71
CDE,2024,Gross,Actual,DE,28478911052,10758036491,-6669652364,14,5,1.24
CDE,2024,Gross,Budget,DE,33517473528,17427688855,0,12,1,1.43
CDE,2024,Gross,Forecast,DE,35974744603,16932227129,-495461726,10,13,1.65
CDE,2024,Net,Actual,DE,24785133347,11031750366,501304669,15,18,0.98
CDE,2024,Net,Budget,DE,26126794212,10530445697,0,15,1,1.08
CDE,2024,Net,Forecast,DE,23097629883,9622709631,-907736066,16,9,0.94
CDE,2024,Op,Actual,DE,21425409677,15843558956,879578700,18,20,0.89
CDE,2024,Op,Budget,DE,27958042848,14963980256,0,15,1,1.18
CDE,2024,Op,Forecast,DE,24892198605,13206420462,-1757559794,15,7,1.12
CDE,2025,Gross,Actual,DE,24734187640,8460319951,-4091210040,16,7,1.34
CDE,2025,Gross,Budget,DE,20649443359,12551529991,0,17,1,0.83
CDE,2025,Gross,Forecast,DE,34573717800,16281662298,3730132307,11,28,1.71
CDE,2025,Net,Actual,DE,27107904512,12451015411,-532721801,14,18,1.15
CDE,2025,Net,Budget,DE,28321129013,12983737212,0,13,1,1.16
CDE,2025,Net,Forecast,DE,33889638246,18354091072,5370353860,12,30,1.53
CDE,2025,Op,Actual,DE,29652076677,14716931681,1462048056,15,22,1.3
CDE,2025,Op,Budget,DE,28766806078,13254883625,0,15,1,1.16
CDE,2025,Op,Forecast,DE,34223490200,14422597467,1167713842,12,26,1.37
PJ,2024,Gross,Actual,DE,24758021034,11417219865,1034874103,14,21,1.08
PJ,2024,Gross,Budget,DE,22692348017,10382345762,0,17,1,0.96
PJ,2024,Gross,Forecast,DE,18110775087,6840196319,-3542149443,17,8,0.82
PJ,2024,Net,Actual,DE,18789627759,9824657597,3480731763,16,29,0.75
PJ,2024,Net,Budget,DE,19555371289,6343925834,0,17,1,0.76
PJ,2024,Net,Forecast,DE,20388425899,13119819424,6775893590,15,29,0.81
PJ,2024,Op,Actual,DE,29243502761,14961095914,-1394172048,15,15,1.13
PJ,2024,Op,Budget,DE,28763501613,16355267962,0,14,1,1.18
PJ,2024,Op,Forecast,DE,25786698746,8345481068,-8009786894,13,4,1.0
PJ,2025,Gross,Actual,DE,40130380000,18741000000,8249317508,10,23,1.34
PJ,2025,Gross,Budget,DE,21624612455,10491682492,0,15,1,1.07
PJ,2025,Gross,Forecast,DE,29602980070,14465651117,3973968625,13,25,1.3
PJ,2025,Net,Actual,DE,35355790000,16608920000,-532998768,13,2,1.06
PJ,2025,Net,Budget,DE,27487750906,17141918768,0,13,1,1.18
PJ,2025,Net,Forecast,DE,19495979050,11907278506,-5234640262,17,8,0.82
PJ,2025,Op,Actual,DE,35355790000,16608920000,4287989043,13,25,1.06
PJ,2025,Op,Budget,DE,31498316942,12320930957,0,14,1,1.13
PJ,2025,Op,Forecast,DE,31495982354,13449984244,1129053287,12,27,1.28
CDE,2024,Gross,Actual,ES,4637893172,2262419319,-521737271,31,14,0.2
CDE,2024,Gross,Budget,ES,6167775086,2784156590,0,28,1,0.26
CDE,2024,Gross,Forecast,ES,3976696484,2773152701,-11003889,30,15,0.18
CDE,2024,Net,Actual,ES,5345725867,2057617216,524675761,30,19,0.21
CDE,2024,Net,Budget,ES,2904542957,1532941455,0,31,1,0.12
CDE,2024,Net,Forecast,ES,4272526584,2818603509,1285662054,30,20,0.17
CDE,2024,Op,Actual,ES,3171235541,1457811407,-375043427,31,13,0.13
CDE,2024,Op,Budget,ES,3912624147,1832854834,0,30,1,0.16
CDE,2024,Op,Forecast,ES,4523935540,1783186180,-49668654,29,19,0.2
CDE,2025,Gross,Actual,ES,5117122447,2624585456,300309504,30,20,0.28
CDE,2025,Gross,Budget,ES,5121316088,2324275952,0,30,1,0.21
CDE,2025,Gross,Forecast,ES,3882108532,2128538730,-195737222,29,16,0.19
CDE,2025,Net,Actual,ES,5513754765,2715416051,-23125332,28,20,0.23
CDE,2025,Net,Budget,ES,4729439327,2738541383,0,29,1,0.19
CDE,2025,Net,Forecast,ES,4525853743,2101328051,-637213332,31,16,0.2
CDE,2025,Op,Actual,ES,5049863395,2623314155,111036553,29,17,0.22
CDE,2025,Op,Budget,ES,3942966236,2512277602,0,31,1,0.16
CDE,2025,Op,Forecast,ES,5210459973,2619192018,106914416,30,22,0.21
PJ,2024,Gross,Actual,ES,2723487946,2195232778,65578980,31,17,0.12
PJ,2024,Gross,Budget,ES,3951219852,2129653798,0,28,1,0.17
PJ,2024,Gross,Forecast,ES,6062509541,2864124999,734471201,28,22,0.27
PJ,2024,Net,Actual,ES,4345427111,1773235491,-1115573079,31,11,0.17
PJ,2024,Net,Budget,ES,5262341384,2888808570,0,29,1,0.21
PJ,2024,Net,Forecast,ES,4531465459,1710198162,-1178610408,29,7,0.18
PJ,2024,Op,Actual,ES,4050854467,1330053014,-1103729227,31,17,0.16
PJ,2024,Op,Budget,ES,5021355773,2433782241,0,30,1,0.21
PJ,2024,Op,Forecast,ES,4438421706,2530382642,96600401,30,17,0.17
PJ,2025,Gross,Actual,ES,6497780000,3173410000,1067539096,28,10,0.22
PJ,2025,Gross,Budget,ES,4287826258,2105870904,0,30,1,0.21
PJ,2025,Gross,Forecast,ES,5697468463,2288337194,182466290,28,15,0.25
PJ,2025,Net,Actual,ES,5977880000,2850580000,13313592,29,7,0.18
PJ,2025,Net,Budget,ES,4760209704,2837266408,0,28,1,0.2
PJ,2025,Net,Forecast,ES,5341912925,2693711200,-143555208,29,16,0.22
PJ,2025,Op,Actual,ES,5977880000,2850580000,781530068,29,11,0.18
PJ,2025,Op,Budget,ES,4832453401,2069049932,0,31,1,0.17
PJ,2025,Op,Forecast,ES,2517259436,1464304594,-604745338,31,18,0.1
CDE,2024,Gross,Actual,FR,21737293225,12694772065,2237257986,16,27,0.95
CDE,2024,Gross,Budget,FR,24420525014,10457514079,0,16,1,1.04
CDE,2024,Gross,Forecast,FR,20388704041,8547240758,-1910273321,17,8,0.93
CDE,2024,Net,Actual,FR,20600419805,6907448854,-1871442298,16,7,0.82
CDE,2024,Net,Budget,FR,19817503573,8778891152,0,17,1,0.82
CDE,2024,Net,Forecast,FR,24653206362,11936995312,3158104160,15,23,1.0
CDE,2024,Op,Actual,FR,22400263431,8265781019,1262302272,17,24,0.93
CDE,2024,Op,Budget,FR,22675149909,7003478747,0,16,1,0.95
CDE,2024,Op,Forecast,FR,19909485062,6812102669,-191376078,18,18,0.9
CDE,2025,Gross,Actual,FR,21161531596,6436198634,-3440753422,17,8,1.14
CDE,2025,Gross,Budget,FR,23618262594,9876952056,0,16,1,0.95
CDE,2025,Gross,Forecast,FR,29049690731,13731100112,3854148056,14,29,1.44
CDE,2025,Net,Actual,FR,23921396994,13153100933,4408951989,16,31,1.01
CDE,2025,Net,Budget,FR,17001670977,8744148944,0,19,1,0.7
CDE,2025,Net,Forecast,FR,26667577386,11280114497,2535965553,16,29,1.21
CDE,2025,Op,Actual,FR,13365507007,6677786862,327743483,21,19,0.59
CDE,2025,Op,Budget,FR,18168212892,6350043379,0,17,1,0.73
CDE,2025,Op,Forecast,FR,13067807474,4263027338,-2087016041,18,10,0.52
PJ,2024,Gross,Actual,FR,24630846116,13787389532,2648779453,15,25,1.07
PJ,2024,Gross,Budget,FR,24096031300,11138610079,0,15,1,1.02
PJ,2024,Gross,Forecast,FR,19378987756,11312291204,173681125,16,21,0.88
PJ,2024,Net,Actual,FR,17497193419,9381682896,-1201511256,17,10,0.7
PJ,2024,Net,Budget,FR,19707726338,10583194152,0,16,1,0.77
PJ,2024,Net,Forecast,FR,19368435126,9244685972,-1338508180,16,6,0.77
PJ,2024,Op,Actual,FR,22985806321,8448803334,-2808521444,16,12,0.89
PJ,2024,Op,Budget,FR,25155146106,11257324778,0,17,1,1.03
PJ,2024,Op,Forecast,FR,20399158047,7830433111,-3426891667,15,8,0.79
PJ,2025,Gross,Actual,FR,30288330000,13430030000,4518149358,14,21,1.01
PJ,2025,Gross,Budget,FR,19834959561,8911880642,0,17,1,0.98
PJ,2025,Gross,Forecast,FR,22084128321,9587729964,675849322,15,17,0.97
PJ,2025,Net,Actual,FR,26716010000,11350920000,3291670884,15,20,0.8
PJ,2025,Net,Budget,FR,20199978400,8059249116,0,15,1,0.87
PJ,2025,Net,Forecast,FR,21756866875,11809420149,3750171033,15,29,0.91
PJ,2025,Op,Actual,FR,26716010000,11350920000,-53051454,15,7,0.8
PJ,2025,Op,Budget,FR,24578145604,11403971454,0,18,1,0.89
PJ,2025,Op,Forecast,FR,22497775163,9568976598,-1834994856,17,12,0.92
CDE,2024,Gross,Actual,ID,17983564139,9418289099,420783395,19,21,0.78
CDE,2024,Gross,Budget,ID,20321653626,8997505704,0,18,1,0.87
CDE,2024,Gross,Forecast,ID,21315727468,9796820085,799314381,16,22,0.98
CDE,2024,Net,Actual,ID,13548066499,7733655571,-1129415305,20,8,0.54
CDE,2024,Net,Budget,ID,14001811999,8863070876,0,20,1,0.58
CDE,2024,Net,Forecast,ID,17703058753,8319324344,-543746532,18,12,0.72
CDE,2024,Op,Actual,ID,10937298975,5174787110,-4041954597,20,5,0.45
CDE,2024,Op,Budget,ID,13790445321,9216741707,0,19,1,0.58
CDE,2024,Op,Forecast,ID,22519164703,12948266528,3731524821,17,29,1.02
CDE,2025,Gross,Actual,ID,13890952999,5820673324,-1225493846,20,11,0.75
CDE,2025,Gross,Budget,ID,13032803553,7046167170,0,19,1,0.52
CDE,2025,Gross,Forecast,ID,19447587486,13575292449,6529125279,17,30,0.96
CDE,2025,Net,Actual,ID,18646814684,8230927401,-866774735,18,15,0.79
CDE,2025,Net,Budget,ID,15323534211,9097702136,0,20,1,0.63
CDE,2025,Net,Forecast,ID,13913052482,7258676774,-1839025362,20,12,0.63
CDE,2025,Op,Actual,ID,18807557195,9009293389,-1636908498,17,8,0.82
CDE,2025,Op,Budget,ID,17803846331,10646201887,0,18,1,0.72
CDE,2025,Op,Forecast,ID,8891646309,3012649034,-7633552853,21,5,0.35
PJ,2024,Gross,Actual,ID,10976210436,3916669349,-6744117002,21,5,0.48
PJ,2024,Gross,Budget,ID,15247997008,10660786351,0,19,1,0.64
PJ,2024,Gross,Forecast,ID,15056544419,7732071431,-2928714920,20,9,0.68
PJ,2024,Net,Actual,ID,16753563828,5838335800,-4121451810,18,7,0.67
PJ,2024,Net,Budget,ID,17966418920,9959787610,0,18,1,0.7
PJ,2024,Net,Forecast,ID,19004979222,11295224330,1335436720,17,21,0.76
PJ,2024,Op,Actual,ID,13331771702,9045483642,-1949753558,20,14,0.52
PJ,2024,Op,Budget,ID,21676797021,10995237200,0,18,1,0.89
PJ,2024,Op,Forecast,ID,18731032223,11183091736,187854536,16,18,0.73
PJ,2025,Gross,Actual,ID,22011422800,11180609400,2140752919,17,14,0.74
PJ,2025,Gross,Budget,ID,18784741194,9039856481,0,18,1,0.93
PJ,2025,Gross,Forecast,ID,17647230570,10582756360,1542899879,18,20,0.77
PJ,2025,Net,Actual,ID,21209014600,11143678200,-377656329,17,3,0.63
PJ,2025,Net,Budget,ID,16728736724,11521334529,0,17,1,0.72
PJ,2025,Net,Forecast,ID,9967930612,4213786926,-7307547603,20,5,0.42
PJ,2025,Op,Actual,ID,21209014600,11143678200,4306026758,17,26,0.63
PJ,2025,Op,Budget,ID,14425792136,6837651442,0,19,1,0.52
PJ,2025,Op,Forecast,ID,16523883804,8619924683,1782273241,20,31,0.67
CDE,2024,Gross,Actual,IN,29903486882,21745135717,124659478,12,19,1.3
CDE,2024,Gross,Budget,IN,31696023601,21620476239,0,14,1,1.35
CDE,2024,Gross,Forecast,IN,24764160049,16776611216,-4843865023,15,5,1.13
CDE,2024,Net,Actual,IN,30295420993,15004898114,-57569767,14,13,1.2
CDE,2024,Net,Budget,IN,26436166017,15062467881,0,14,1,1.09
CDE,2024,Net,Forecast,IN,36250199999,23545855012,8483387131,13,27,1.47
CDE,2024,Op,Actual,IN,32614874697,15973782998,-7149126060,13,3,1.35
CDE,2024,Op,Budget,IN,36138748491,23122909058,0,11,1,1.52
CDE,2024,Op,Forecast,IN,27010456658,15543542190,-7579366868,14,3,1.22
CDE,2025,Gross,Actual,IN,26072643313,10441085757,-8108350641,14,5,1.41
CDE,2025,Gross,Budget,IN,26579846750,18549436398,0,14,1,1.07
CDE,2025,Gross,Forecast,IN,29495097960,18393984336,-155452062,12,17,1.46
CDE,2025,Net,Actual,IN,23179756521,9638968101,-1999263645,17,12,0.98
CDE,2025,Net,Budget,IN,26152193212,11638231746,0,14,1,1.07
CDE,2025,Net,Forecast,IN,31104102252,18519802588,6881570842,14,31,1.41
CDE,2025,Op,Actual,IN,33861715397,18505631359,1832861476,12,24,1.48
CDE,2025,Op,Budget,IN,30930837253,16672769883,0,12,1,1.25
CDE,2025,Op,Forecast,IN,24410955870,13666589632,-3006180251,15,9,0.97
PJ,2024,Gross,Actual,IN,31655764937,18029562104,3941416314,13,29,1.38
PJ,2024,Gross,Budget,IN,26674438538,14088145790,0,13,1,1.13
PJ,2024,Gross,Forecast,IN,32461739080,21044221036,6956075246,11,32,1.47
PJ,2024,Net,Actual,IN,33635555736,19268071059,2074417354,12,27,1.35
PJ,2024,Net,Budget,IN,25059473693,17193653705,0,13,1,0.98
PJ,2024,Net,Forecast,IN,34064792540,20599577913,3405924208,13,27,1.36
PJ,2024,Op,Actual,IN,32201168909,17032932226,-4901003538,13,8,1.25
PJ,2024,Op,Budget,IN,33048462372,21933935764,0,13,1,1.36
PJ,2024,Op,Forecast,IN,25582368612,14863971708,-7069964056,14,5,0.99
PJ,2025,Gross,Actual,IN,37596491400,22424388700,8302866360,12,24,1.26
PJ,2025,Gross,Budget,IN,25505793694,14121522340,0,14,1,1.26
PJ,2025,Gross,Forecast,IN,32259217592,18117645582,3996123242,11,26,1.42
PJ,2025,Net,Actual,IN,36053447900,20881345200,10356123972,12,26,1.08
PJ,2025,Net,Budget,IN,14029040947,10525221228,0,19,1,0.6
PJ,2025,Net,Forecast,IN,29328653324,23584244756,13059023528,13,33,1.23
PJ,2025,Op,Actual,IN,36053447900,20881345200,2928888979,12,24,1.08
PJ,2025,Op,Budget,IN,26124861827,17952456221,0,16,1,0.94
PJ,2025,Op,Forecast,IN,27999585066,14305468034,-3646988187,13,10,1.14
CDE,2024,Gross,Actual,IT,1229234219,860487619,269902827,33,20,0.05
CDE,2024,Gross,Budget,IT,654769706,590584792,0,33,1,0.03
CDE,2024,Gross,Forecast,IT,731001346,165246582,-425338210,33,14,0.03
CDE,2024,Net,Actual,IT,1258931132,991800755,411951173,34,17,0.05
CDE,2024,Net,Budget,IT,988695239,579849582,0,34,1,0.04
CDE,2024,Net,Forecast,IT,854211230,555668214,-24181368,34,14,0.03
CDE,2024,Op,Actual,IT,787387792,759415876,-48470670,34,14,0.03
CDE,2024,Op,Budget,IT,703266213,807886546,0,34,1,0.03
CDE,2024,Op,Forecast,IT,1066415921,761825667,-46060879,34,20,0.05
CDE,2025,Gross,Actual,IT,1073750760,780460583,171120940,33,19,0.06
CDE,2025,Gross,Budget,IT,1186810159,609339643,0,33,1,0.05
CDE,2025,Gross,Forecast,IT,933128227,691220271,81880628,33,19,0.05
CDE,2025,Net,Actual,IT,856591995,917154696,34473882,34,21,0.04
CDE,2025,Net,Budget,IT,984642302,882680814,0,34,1,0.04
CDE,2025,Net,Forecast,IT,700568649,654642878,-228037936,34,19,0.03
CDE,2025,Op,Actual,IT,867184625,487777502,123672874,34,18,0.04
CDE,2025,Op,Budget,IT,635997129,364104628,0,34,1,0.03
CDE,2025,Op,Forecast,IT,869571558,703169896,339065268,34,24,0.03
PJ,2024,Gross,Actual,IT,1446565827,1007843815,412614378,33,19,0.06
PJ,2024,Gross,Budget,IT,1126389675,595229437,0,33,1,0.05
PJ,2024,Gross,Forecast,IT,565782251,233830063,-361399374,33,16,0.03
PJ,2024,Net,Actual,IT,450661774,426883642,-605118989,34,13,0.02
PJ,2024,Net,Budget,IT,1085466959,1032002631,0,34,1,0.04
PJ,2024,Net,Forecast,IT,1057528219,840528084,-191474547,34,11,0.04
PJ,2024,Op,Actual,IT,1453057738,977109183,114748504,34,24,0.06
PJ,2024,Op,Budget,IT,1184259180,862360679,0,34,1,0.05
PJ,2024,Op,Forecast,IT,623025161,377546788,-484813891,34,14,0.02
PJ,2025,Gross,Actual,IT,1348600000,925840000,204807220,31,6,0.05
PJ,2025,Gross,Budget,IT,993112634,721032780,0,33,1,0.05
PJ,2025,Gross,Forecast,IT,1101160761,1008845551,287812771,33,16,0.05
PJ,2025,Net,Actual,IT,1193020000,907120000,337798449,32,8,0.04
PJ,2025,Net,Budget,IT,644782337,569321551,0,34,1,0.03
PJ,2025,Net,Forecast,IT,1215433392,856636997,287315446,34,20,0.05
PJ,2025,Op,Actual,IT,1193020000,907120000,-146037403,32,5,0.04
PJ,2025,Op,Budget,IT,1151966201,1053157403,0,34,1,0.04
PJ,2025,Op,Forecast,IT,997648863,981213479,-71943924,34,20,0.04
CDE,2024,Gross,Actual,JP,6951159599,4287931991,-57327471,27,17,0.3
CDE,2024,Gross,Budget,JP,6620744183,4345259462,0,27,1,0.28
CDE,2024,Gross,Forecast,JP,6643189116,3579268029,-765991433,26,11,0.3
CDE,2024,Net,Actual,JP,5355159814,2238412269,-803791234,29,10,0.21
CDE,2024,Net,Budget,JP,5341791695,3042203503,0,28,1,0.22
CDE,2024,Net,Forecast,JP,5941413577,3463436257,421232754,28,16,0.24
CDE,2024,Op,Actual,JP,6131661040,3307251852,891907526,28,21,0.25
CDE,2024,Op,Budget,JP,3790861636,2415344326,0,31,1,0.16
CDE,2024,Op,Forecast,JP,6720955642,4149164375,1733820049,26,25,0.3
CDE,2025,Gross,Actual,JP,5548713358,3220496887,-1202636958,28,12,0.3
CDE,2025,Gross,Budget,JP,7096565545,4423133845,0,24,1,0.29
CDE,2025,Gross,Forecast,JP,6432082464,3806834822,-616299023,25,13,0.32
CDE,2025,Net,Actual,JP,7609511267,4824497267,119326340,26,22,0.32
CDE,2025,Net,Budget,JP,7284590543,4705170927,0,26,1,0.3
CDE,2025,Net,Forecast,JP,6902251176,4564735775,-140435152,27,22,0.31
CDE,2025,Op,Actual,JP,4178414417,2190220587,-428394843,31,12,0.18
CDE,2025,Op,Budget,JP,6039329586,2618615430,0,29,1,0.24
CDE,2025,Op,Forecast,JP,7035616272,4169566991,1550951561,23,27,0.28
PJ,2024,Gross,Actual,JP,5946614711,3450434245,697905069,26,20,0.26
PJ,2024,Gross,Budget,JP,5243656509,2752529176,0,26,1,0.22
PJ,2024,Gross,Forecast,JP,6574639190,3959970885,1207441709,27,25,0.3
PJ,2024,Net,Actual,JP,4468732124,2991364449,1366473000,30,25,0.18
PJ,2024,Net,Budget,JP,4478028760,1624891449,0,30,1,0.18
PJ,2024,Net,Forecast,JP,5498132574,2528170593,903279144,28,17,0.22
PJ,2024,Op,Actual,JP,6325667862,3311965321,-927098766,26,18,0.24
PJ,2024,Op,Budget,JP,6129456774,4239064087,0,28,1,0.25
PJ,2024,Op,Forecast,JP,6444243852,3123779618,-1115284469,27,12,0.25
PJ,2025,Gross,Actual,JP,8546592000,4677990000,2571969374,25,17,0.29
PJ,2025,Gross,Budget,JP,4257987909,2106020626,0,31,1,0.21
PJ,2025,Gross,Forecast,JP,7326432201,4182822944,2076802318,25,23,0.32
PJ,2025,Net,Actual,JP,7956345300,4300140600,-215120821,26,4,0.24
PJ,2025,Net,Budget,JP,7173876671,4515261421,0,26,1,0.31
PJ,2025,Net,Forecast,JP,6507133443,5065421746,550160325,28,24,0.27
PJ,2025,Op,Actual,JP,7956345300,4300140600,1741544717,26,16,0.24
PJ,2025,Op,Budget,JP,6964409467,2558595883,0,25,1,0.25
PJ,2025,Op,Forecast,JP,6305420250,3479740503,921144620,27,25,0.26
CDE,2024,Gross,Actual,KR,38452649504,18958956069,-618552277,10,13,1.67
CDE,2024,Gross,Budget,KR,46949625035,19577508346,0,10,1,2.0
CDE,2024,Gross,Forecast,KR,28094745540,13778813314,-5798695032,13,4,1.29
CDE,2024,Net,Actual,KR,50715773999,31186861366,9583305713,11,27,2.01
CDE,2024,Net,Budget,KR,37123687862,21603555653,0,12,1,1.54
CDE,2024,Net,Forecast,KR,39412344644,26369315580,4765759927,11,26,1.6
CDE,2024,Op,Actual,KR,34602392025,20389959993,133730030,12,15,1.43
CDE,2024,Op,Budget,KR,31397730655,20256229963,0,13,1,1.32
CDE,2024,Op,Forecast,KR,35349906973,18550132160,-1706097803,12,8,1.6
CDE,2025,Gross,Actual,KR,29958772147,12904536957,-5509363450,11,6,1.62
CDE,2025,Gross,Budget,KR,35102912003,18413900407,0,11,1,1.41
CDE,2025,Gross,Forecast,KR,35808090475,15390241496,-3023658911,10,7,1.77
CDE,2025,Net,Actual,KR,42133714737,20022800524,-6845716059,11,5,1.79
CDE,2025,Net,Budget,KR,50378655514,26868516583,0,11,1,2.07
CDE,2025,Net,Forecast,KR,41966562155,24689526569,-2178990014,11,11,1.9
CDE,2025,Op,Actual,KR,32284724664,13983360181,-5339562964,13,5,1.42
CDE,2025,Op,Budget,KR,43028495778,19322923145,0,11,1,1.74
CDE,2025,Op,Forecast,KR,40024579455,18670114242,-652808903,11,14,1.6
PJ,2024,Gross,Actual,KR,33087178991,17414483923,-3927282383,12,6,1.44
PJ,2024,Gross,Budget,KR,41472056846,21341766306,0,9,1,1.75
PJ,2024,Gross,Forecast,KR,39785075771,21464609837,122843531,10,20,1.8
PJ,2024,Net,Actual,KR,37222367319,16847408856,378573701,11,20,1.49
PJ,2024,Net,Budget,KR,33225752086,16468835155,0,11,1,1.3
PJ,2024,Net,Forecast,KR,34644749528,17504882933,1036047778,12,18,1.38
PJ,2024,Op,Actual,KR,32007681558,12579953056,-7021577090,14,7,1.24
PJ,2024,Op,Budget,KR,37772996819,19601530146,0,11,1,1.55
PJ,2024,Op,Forecast,KR,35850337510,25632731766,6031201620,11,29,1.39
PJ,2025,Gross,Actual,KR,47728196300,25367640000,8792448036,8,25,1.6
PJ,2025,Gross,Budget,KR,35693283704,16575191964,0,10,1,1.77
PJ,2025,Gross,Forecast,KR,35637509913,28474733428,11899541464,10,29,1.56
PJ,2025,Net,Actual,KR,46581839300,24722800000,7330321195,9,24,1.39
PJ,2025,Net,Budget,KR,29364550650,17392478805,0,12,1,1.26
PJ,2025,Net,Forecast,KR,28357679171,14433124419,-2959354386,14,9,1.19
PJ,2025,Op,Actual,KR,46581839300,24722800000,5933501251,9,27,1.39
PJ,2025,Op,Budget,KR,35986523235,18789298749,0,11,1,1.3
PJ,2025,Op,Forecast,KR,25265643081,15126249802,-3663048947,15,9,1.03
CDE,2024,Gross,Actual,MA,7535039077,2982922270,-3895974397,24,7,0.33
CDE,2024,Gross,Budget,MA,11875991350,6878896667,0,21,1,0.51
CDE,2024,Gross,Forecast,MA,9897934846,3668489130,-3210407537,21,6,0.45
CDE,2024,Net,Actual,MA,10854567511,6095891146,1657523218,22,24,0.43
CDE,2024,Net,Budget,MA,9257291883,4438367928,0,22,1,0.38
CDE,2024,Net,Forecast,MA,8826123513,3542065248,-896302680,22,10,0.36
CDE,2024,Op,Actual,MA,7236927785,3109670111,-1283894127,24,8,0.3
CDE,2024,Op,Budget,MA,10518290533,4393564238,0,22,1,0.44
CDE,2024,Op,Forecast,MA,10180237591,5000619194,607054956,21,22,0.46
CDE,2025,Gross,Actual,MA,7024033369,4308060615,1205933637,26,26,0.38
CDE,2025,Gross,Budget,MA,6978977953,3102126978,0,25,1,0.28
CDE,2025,Gross,Forecast,MA,9711984658,5636490233,2534363255,22,27,0.48
CDE,2025,Net,Actual,MA,8481550697,4747043469,-1312387585,22,13,0.36
CDE,2025,Net,Budget,MA,10100951894,6059431054,0,21,1,0.41
CDE,2025,Net,Forecast,MA,7223045500,3580087212,-2479343842,26,10,0.33
CDE,2025,Op,Actual,MA,9446731633,3973007624,1757776498,22,23,0.41
CDE,2025,Op,Budget,MA,8154655785,2215231126,0,23,1,0.33
CDE,2025,Op,Forecast,MA,5765623574,2549628480,334397354,28,23,0.23
PJ,2024,Gross,Actual,MA,11849223091,6765861080,3614576364,20,28,0.52
PJ,2024,Gross,Budget,MA,8831954921,3151284716,0,23,1,0.37
PJ,2024,Gross,Forecast,MA,9775709790,4711789024,1560504308,22,27,0.44
PJ,2024,Net,Actual,MA,11835706927,5799270895,1279627435,22,24,0.48
PJ,2024,Net,Budget,MA,8530286358,4519643460,0,23,1,0.33
PJ,2024,Net,Forecast,MA,9012289426,5687038223,1167394763,22,20,0.36
PJ,2024,Op,Actual,MA,6448328282,2980178842,-2058724344,25,13,0.25
PJ,2024,Op,Budget,MA,8768657060,5038903186,0,23,1,0.36
PJ,2024,Op,Forecast,MA,8872880084,5358484914,319581728,23,19,0.34
PJ,2025,Gross,Actual,MA,12177510000,5965920000,-160632255,20,2,0.41
PJ,2025,Gross,Budget,MA,13314392859,6126552255,0,21,1,0.66
PJ,2025,Gross,Forecast,MA,11452067400,4936841875,-1189710380,20,9,0.5
PJ,2025,Net,Actual,MA,11686840000,5633660000,743004672,20,9,0.35
PJ,2025,Net,Budget,MA,8480510186,4890655328,0,22,1,0.36
PJ,2025,Net,Forecast,MA,7845420304,5362431621,471776293,27,23,0.33
PJ,2025,Op,Actual,MA,11686840000,5633660000,2366699923,20,19,0.35
PJ,2025,Op,Budget,MA,6318086501,3266960077,0,28,1,0.23
PJ,2025,Op,Forecast,MA,8167492890,4870901318,1603941241,23,30,0.33
CDE,2024,Gross,Actual,MY,10006886621,5769180356,1436010714,20,23,0.44
CDE,2024,Gross,Budget,MY,7922680473,4333169642,0,24,1,0.34
CDE,2024,Gross,Forecast,MY,6610216759,2539886870,-1793282772,27,9,0.3
CDE,2024,Net,Actual,MY,5559183746,2480883674,922367368,28,22,0.22
CDE,2024,Net,Budget,MY,3879531283,1558516306,0,30,1,0.16
CDE,2024,Net,Forecast,MY,8011095644,5610109607,4051593301,24,25,0.32
CDE,2024,Op,Actual,MY,10238400280,5000754823,378552480,21,18,0.42
CDE,2024,Op,Budget,MY,7974210646,4622202343,0,25,1,0.34
CDE,2024,Op,Forecast,MY,5538244435,3468702560,-1153499783,28,10,0.25
CDE,2025,Gross,Actual,MY,7470402507,3838790074,479289781,25,21,0.4
CDE,2025,Gross,Budget,MY,5788401201,3359500293,0,28,1,0.23
CDE,2025,Gross,Forecast,MY,6641386606,3557054777,197554484,24,20,0.33
CDE,2025,Net,Actual,MY,8539778115,4306036435,-581503290,21,17,0.36
CDE,2025,Net,Budget,MY,7324200091,4887539725,0,25,1,0.3
CDE,2025,Net,Forecast,MY,5573145112,3092593014,-1794946711,29,13,0.25
CDE,2025,Op,Actual,MY,7165551592,3003526629,-2203504954,23,7,0.31
CDE,2025,Op,Budget,MY,6912966666,5207031583,0,26,1,0.28
CDE,2025,Op,Forecast,MY,6992736268,2141612767,-3065418816,24,8,0.28
PJ,2024,Gross,Actual,MY,6149431275,2099569235,-74018875,25,14,0.27
PJ,2024,Gross,Budget,MY,3207508276,2173588110,0,30,1,0.14
PJ,2024,Gross,Forecast,MY,8564165318,4376294407,2202706297,24,30,0.39
PJ,2024,Net,Actual,MY,9285408934,5506731474,688200652,23,23,0.37
PJ,2024,Net,Budget,MY,7174614824,4818530822,0,25,1,0.28
PJ,2024,Net,Forecast,MY,7562741261,4109058618,-709472204,27,8,0.3
PJ,2024,Op,Actual,MY,7083398458,4706370400,7858973,24,23,0.27
PJ,2024,Op,Budget,MY,7261714854,4698511427,0,25,1,0.3
PJ,2024,Op,Forecast,MY,5801933337,2478450404,-2220061023,29,9,0.23
PJ,2025,Gross,Actual,MY,9992412500,5234748100,-558479694,23,1,0.33
PJ,2025,Gross,Budget,MY,7679213547,5793227794,0,24,1,0.38
PJ,2025,Gross,Forecast,MY,7165106237,3076809270,-2716418524,26,6,0.31
PJ,2025,Net,Actual,MY,9768201300,5157150200,-20275307,24,6,0.29
PJ,2025,Net,Budget,MY,7860004546,5177425507,0,23,1,0.34
PJ,2025,Net,Forecast,MY,8842363023,5050928310,-126497197,22,17,0.37
PJ,2025,Op,Actual,MY,9768201300,5157150200,2727322995,24,22,0.29
PJ,2025,Op,Budget,MY,4974639301,2429827205,0,30,1,0.18
PJ,2025,Op,Forecast,MY,7074384802,3134177351,704350146,26,24,0.29
CDE,2024,Gross,Actual,NL,7370293622,3043570725,-254687021,25,16,0.32
CDE,2024,Gross,Budget,NL,6108094927,3298257746,0,29,1,0.26
CDE,2024,Gross,Forecast,NL,7206328329,3345365071,47107325,24,17,0.33
CDE,2024,Net,Actual,NL,6748601709,2459427442,-18783808,26,14,0.27
CDE,2024,Net,Budget,NL,5723694646,2478211250,0,26,1,0.24
CDE,2024,Net,Forecast,NL,6149670882,1714052565,-764158685,27,11,0.25
CDE,2024,Op,Actual,NL,6307661758,3708357942,1516619983,26,25,0.26
CDE,2024,Op,Budget,NL,6140773837,2191737959,0,27,1,0.26
CDE,2024,Op,Forecast,NL,6819571068,1791760607,-399977352,24,15,0.31
CDE,2025,Gross,Actual,NL,9732672990,5529249880,742196694,22,23,0.53
CDE,2025,Gross,Budget,NL,6963262879,4787053186,0,26,1,0.28
CDE,2025,Gross,Forecast,NL,5578786297,3030960556,-1756092630,28,8,0.28
CDE,2025,Net,Actual,NL,7130619752,3419716328,603819138,27,27,0.3
CDE,2025,Net,Budget,NL,6270927979,2815897190,0,28,1,0.26
CDE,2025,Net,Forecast,NL,7243627833,3626987676,811090486,25,24,0.33
CDE,2025,Op,Actual,NL,4938004740,3352729108,-331767171,30,13,0.22
CDE,2025,Op,Budget,NL,7256707702,3684496279,0,24,1,0.29
CDE,2025,Op,Forecast,NL,6121957279,3207539544,-476956735,26,16,0.24
PJ,2024,Gross,Actual,NL,6684273878,4275080543,1316314544,23,22,0.29
PJ,2024,Gross,Budget,NL,7739844448,2958765999,0,25,1,0.33
PJ,2024,Gross,Forecast,NL,6600602615,2569388614,-389377385,26,15,0.3
PJ,2024,Net,Actual,NL,5308285204,2481567299,-681449871,28,12,0.21
PJ,2024,Net,Budget,NL,6686165162,3163017170,0,26,1,0.26
PJ,2024,Net,Forecast,NL,8703087472,3224227981,61210811,23,14,0.35
PJ,2024,Op,Actual,NL,5069059726,3411519714,779312322,28,27,0.2
PJ,2024,Op,Budget,NL,6660725187,2632207392,0,27,1,0.27
PJ,2024,Op,Forecast,NL,5863399690,3350100726,717893334,28,20,0.23
PJ,2025,Gross,Actual,NL,9143430000,4129420000,800838846,24,9,0.31
PJ,2025,Gross,Budget,NL,8905382306,3328581154,0,22,1,0.44
PJ,2025,Gross,Forecast,NL,7685526164,4159386351,830805197,24,18,0.34
PJ,2025,Net,Actual,NL,8713980000,3988920000,2095894879,25,16,0.26
PJ,2025,Net,Budget,NL,4081450865,1893025121,0,30,1,0.18
PJ,2025,Net,Forecast,NL,7959910867,3742872178,1849847057,26,27,0.33
PJ,2025,Op,Actual,NL,8713980000,3988920000,878731980,25,12,0.26
PJ,2025,Op,Budget,NL,7225700069,3110188020,0,24,1,0.26
PJ,2025,Op,Forecast,NL,5930629923,2185219427,-924968593,28,15,0.24
CDE,2024,Gross,Actual,NR,9001007841,4639895358,1942345214,21,25,0.39
CDE,2024,Gross,Budget,NR,6662415860,2697550144,0,26,1,0.28
CDE,2024,Gross,Forecast,NR,7199055206,4552982457,1855432313,25,27,0.33
CDE,2024,Net,Actual,NR,7291337364,3218742099,-889743374,25,9,0.29
CDE,2024,Net,Budget,NR,9181543931,4108485473,0,23,1,0.38
CDE,2024,Net,Forecast,NR,6356136540,3624903121,-483582352,26,13,0.26
CDE,2024,Op,Actual,NR,6754593797,3131121855,-789186321,25,12,0.28
CDE,2024,Op,Budget,NR,10369649421,3920308176,0,23,1,0.44
CDE,2024,Op,Forecast,NR,6799333910,3589191459,-331116717,25,16,0.31
CDE,2025,Gross,Actual,NR,9552193144,4832614523,570212212,23,22,0.52
CDE,2025,Gross,Budget,NR,8040665250,4262402311,0,23,1,0.32
CDE,2025,Gross,Forecast,NR,6364882617,3798697998,-463704313,26,15,0.32
CDE,2025,Net,Actual,NR,8138200886,4281076343,443009755,24,25,0.35
CDE,2025,Net,Budget,NR,8329142035,3838066588,0,23,1,0.34
CDE,2025,Net,Forecast,NR,7740257887,4723818910,885752322,24,25,0.35
CDE,2025,Op,Actual,NR,6159374963,4250732477,786358843,26,21,0.27
CDE,2025,Op,Budget,NR,6758751059,3464373634,0,27,1,0.27
CDE,2025,Op,Forecast,NR,6805176957,3542689736,78316102,25,21,0.27
PJ,2024,Gross,Actual,NR,6249481872,2858428663,-2007693058,24,12,0.27
PJ,2024,Gross,Budget,NR,9731152726,4866121721,0,22,1,0.41
PJ,2024,Gross,Forecast,NR,9584548255,4943416079,77294358,23,19,0.43
PJ,2024,Net,Actual,NR,6665717102,3663838271,-564559876,26,15,0.27
PJ,2024,Net,Budget,NR,8974984879,4228398147,0,21,1,0.35
PJ,2024,Net,Forecast,NR,9569192938,6059581201,1831183054,21,24,0.38
PJ,2024,Op,Actual,NR,6060269887,3205216230,-543400807,27,20,0.23
PJ,2024,Op,Budget,NR,7551092319,3748617037,0,24,1,0.31
PJ,2024,Op,Forecast,NR,9642766383,6072617629,2324000592,22,25,0.37
PJ,2025,Gross,Actual,NR,11782350000,6049780000,1843720089,21,13,0.39
PJ,2025,Gross,Budget,NR,7684007736,4206059911,0,23,1,0.38
PJ,2025,Gross,Forecast,NR,9572573312,6153528299,1947468388,21,22,0.42
PJ,2025,Net,Actual,NR,10699220000,5525160000,1245031809,22,12,0.32
PJ,2025,Net,Budget,NR,7447632647,4280128191,0,24,1,0.32
PJ,2025,Net,Forecast,NR,9746636537,4723285042,443156851,21,22,0.41
PJ,2025,Op,Actual,NR,10699220000,5525160000,1339224272,22,13,0.32
PJ,2025,Op,Budget,NR,6416673046,4185935728,0,27,1,0.23
PJ,2025,Op,Forecast,NR,9739299839,4726765805,540830077,22,23,0.4
CDE,2024,Gross,Actual,PH,4873143731,2885750958,1534240162,30,24,0.21
CDE,2024,Gross,Budget,PH,2361703284,1351510796,0,32,1,0.1
CDE,2024,Gross,Forecast,PH,3603438089,2081997040,730486244,31,21,0.16
CDE,2024,Net,Actual,PH,2026576511,1747124936,593901057,32,20,0.08
CDE,2024,Net,Budget,PH,2531821821,1153223879,0,32,1,0.1
CDE,2024,Net,Forecast,PH,3790113224,2043587596,890363717,31,18,0.15
CDE,2024,Op,Actual,PH,1885710163,1395660592,-837100604,32,10,0.08
CDE,2024,Op,Budget,PH,3531868879,2232761196,0,32,1,0.15
CDE,2024,Op,Forecast,PH,2582036927,1444606557,-788154639,32,12,0.12
CDE,2025,Gross,Actual,PH,5356651703,3154097915,1175628696,29,25,0.29
CDE,2025,Gross,Budget,PH,2283971810,1978469219,0,32,1,0.09
CDE,2025,Gross,Forecast,PH,3267861392,2212190373,233721154,31,21,0.16
CDE,2025,Net,Actual,PH,3902165379,2163673677,407327717,31,24,0.17
CDE,2025,Net,Budget,PH,3007454373,1756345960,0,32,1,0.12
CDE,2025,Net,Forecast,PH,1751217066,766203776,-990142184,33,15,0.08
CDE,2025,Op,Actual,PH,3756971317,1741858973,-72702981,32,15,0.16
CDE,2025,Op,Budget,PH,3494504075,1814561954,0,32,1,0.14
CDE,2025,Op,Forecast,PH,4102159195,1538265118,-276296836,31,17,0.16
PJ,2024,Gross,Actual,PH,3372736701,1770239734,34037796,29,16,0.15
PJ,2024,Gross,Budget,PH,3175178658,1736201938,0,31,1,0.13
PJ,2024,Gross,Forecast,PH,2643529966,733689168,-1002512770,31,11,0.12
PJ,2024,Net,Actual,PH,3415654543,2120093722,605307089,32,21,0.14
PJ,2024,Net,Budget,PH,2248804421,1514786633,0,33,1,0.09
PJ,2024,Net,Forecast,PH,4338157653,2600216237,1085429604,31,19,0.17
PJ,2024,Op,Actual,PH,4105427171,2444559400,-215148082,30,21,0.16
PJ,2024,Op,Budget,PH,3868557194,2659707482,0,32,1,0.16
PJ,2024,Op,Forecast,PH,4253129853,1615195652,-1044511830,31,13,0.17
PJ,2025,Gross,Actual,PH,4539757100,2510729500,657340894,29,7,0.15
PJ,2025,Gross,Budget,PH,4580023531,1853388606,0,29,1,0.23
PJ,2025,Gross,Forecast,PH,2720925728,1861547916,8159310,31,14,0.12
PJ,2025,Net,Actual,PH,4372863900,2474757600,1390317747,30,14,0.13
PJ,2025,Net,Budget,PH,2647145724,1084439853,0,33,1,0.11
PJ,2025,Net,Forecast,PH,3324511219,1845845678,761405825,32,26,0.14
PJ,2025,Op,Actual,PH,4372863900,2474757600,-96568833,30,6,0.13
PJ,2025,Op,Budget,PH,4257744551,2571326433,0,32,1,0.15
PJ,2025,Op,Forecast,PH,1626449332,360353293,-2210973140,33,11,0.07
CDE,2024,Gross,Actual,RU,0,0,0,34,18,0.0
CDE,2024,Gross,Budget,RU,0,0,0,34,1,0.0
CDE,2024,Gross,Forecast,RU,0,0,0,34,16,0.0
CDE,2024,Net,Actual,RU,120875412121,73227222002,40699395015,7,33,4.79
CDE,2024,Net,Budget,RU,73011486251,32527826987,0,8,1,3.02
CDE,2024,Net,Forecast,RU,97252219662,48921187649,16393360662,7,30,3.94
CDE,2024,Op,Actual,RU,129658221290,35703920734,-25881364053,6,2,5.37
CDE,2024,Op,Budget,RU,125970295592,61585284787,0,7,1,5.3
CDE,2024,Op,Forecast,RU,136182088034,50494590070,-11090694717,6,1,6.15
CDE,2025,Gross,Actual,RU,0,0,0,34,16,0.0
CDE,2025,Gross,Budget,RU,0,0,0,34,1,0.0
CDE,2025,Gross,Forecast,RU,0,0,0,34,18,0.0
CDE,2025,Net,Actual,RU,96943332528,33104599438,-18030430755,7,3,4.11
CDE,2025,Net,Budget,RU,183133642559,51135030193,0,6,1,7.52
CDE,2025,Net,Forecast,RU,97138158772,13429894081,-37705136112,7,2,4.4
CDE,2025,Op,Actual,RU,88304061019,44459025404,36791568929,8,33,3.87
CDE,2025,Op,Budget,RU,124092563450,7667456475,0,7,1,5.01
CDE,2025,Op,Forecast,RU,126770129768,62049688499,54382232024,7,33,5.06
PJ,2024,Gross,Actual,RU,0,0,0,34,15,0.0
PJ,2024,Gross,Budget,RU,0,0,0,34,1,0.0
PJ,2024,Gross,Forecast,RU,0,0,0,34,17,0.0
PJ,2024,Net,Actual,RU,172639344279,54096135213,3897393030,5,30,6.93
PJ,2024,Net,Budget,RU,163627603072,50198742183,0,6,1,6.4
PJ,2024,Net,Forecast,RU,188666294526,80696395920,30497653737,6,32,7.54
PJ,2024,Op,Actual,RU,136401138910,63683854105,45401364298,7,33,5.28
PJ,2024,Op,Budget,RU,68146845455,18282489807,0,8,1,2.8
PJ,2024,Op,Forecast,RU,94967528254,25105282572,6822792765,7,30,3.69
PJ,2025,Gross,Actual,RU,0,0,0,32,3,0.0
PJ,2025,Gross,Budget,RU,0,0,0,34,1,0.0
PJ,2025,Gross,Forecast,RU,0,0,0,34,13,0.0
PJ,2025,Net,Actual,RU,178394215600,68333234200,-3560696852,6,1,5.33
PJ,2025,Net,Budget,RU,158843196867,71893931052,0,6,1,6.82
PJ,2025,Net,Forecast,RU,115669200790,56917470336,-14976460716,5,3,4.86
PJ,2025,Op,Actual,RU,178394215600,68333234200,-21819788748,6,1,5.33
PJ,2025,Op,Budget,RU,226558800007,90153022948,0,5,1,8.16
PJ,2025,Op,Forecast,RU,103914368846,50105866150,-40047156798,7,3,4.23
CDE,2024,Gross,Actual,SG,7656995435,4920371022,2087627087,23,26,0.33
CDE,2024,Gross,Budget,SG,5018236971,2832743935,0,30,1,0.21
CDE,2024,Gross,Forecast,SG,4580554383,2078198537,-754545398,28,12,0.21
CDE,2024,Net,Actual,SG,4953232621,3725638441,834151905,31,21,0.2
CDE,2024,Net,Budget,SG,5146177231,2891486536,0,29,1,0.21
CDE,2024,Net,Forecast,SG,5128789046,3717399494,825912958,29,17,0.21
CDE,2024,Op,Actual,SG,4754347239,2690009194,-820063308,29,11,0.2
CDE,2024,Op,Budget,SG,5079464285,3510072502,0,28,1,0.21
CDE,2024,Op,Forecast,SG,4057225335,2412839608,-1097232894,30,11,0.18
CDE,2025,Gross,Actual,SG,6537117206,3985835829,130004208,27,18,0.35
CDE,2025,Gross,Budget,SG,5646642028,3855831621,0,29,1,0.23
CDE,2025,Gross,Forecast,SG,3702110352,2234232999,-1621598622,30,9,0.18
CDE,2025,Net,Actual,SG,4729956607,2753914187,955654774,29,28,0.2
CDE,2025,Net,Budget,SG,3532733550,1798259413,0,31,1,0.15
CDE,2025,Net,Forecast,SG,5451060565,2994073918,1195814505,30,26,0.25
CDE,2025,Op,Actual,SG,5452282931,3444351037,610078245,28,20,0.24
CDE,2025,Op,Budget,SG,4429344835,2834272792,0,30,1,0.18
CDE,2025,Op,Forecast,SG,3622179819,2092844752,-741428040,32,13,0.14
PJ,2024,Gross,Actual,SG,2977256964,1002795684,-903937814,30,13,0.13
PJ,2024,Gross,Budget,SG,4697687722,1906733498,0,27,1,0.2
PJ,2024,Gross,Forecast,SG,3687067082,1919362106,12628608,30,18,0.17
PJ,2024,Net,Actual,SG,4692427991,2318943083,33989221,29,18,0.19
PJ,2024,Net,Budget,SG,3074515165,2284953862,0,31,1,0.12
PJ,2024,Net,Forecast,SG,4523585335,2737713956,452760094,30,16,0.18
PJ,2024,Op,Actual,SG,4617625062,2511951467,-801239459,29,19,0.18
PJ,2024,Op,Budget,SG,4807129189,3313190926,0,31,1,0.2
PJ,2024,Op,Forecast,SG,2939702126,1439002678,-1874188248,32,10,0.11
PJ,2025,Gross,Actual,SG,6585505400,4017572500,751428763,27,8,0.22
PJ,2025,Gross,Budget,SG,4836225094,3266143737,0,28,1,0.24
PJ,2025,Gross,Forecast,SG,4028209127,2184723708,-1081420029,30,11,0.18
PJ,2025,Net,Actual,SG,6036132900,3549805400,1093715320,28,10,0.18
PJ,2025,Net,Budget,SG,3919948259,2456090080,0,31,1,0.17
PJ,2025,Net,Forecast,SG,4329281349,2103330675,-352759405,31,14,0.18
PJ,2025,Op,Actual,SG,6036132900,3549805400,-550237820,28,4,0.18
PJ,2025,Op,Budget,SG,6057766986,4100043220,0,29,1,0.22
PJ,2025,Op,Forecast,SG,5330621974,2855337634,-1244705586,29,14,0.22
CDE,2024,Gross,Actual,TH,8529998397,6328954632,855328682,22,22,0.37
CDE,2024,Gross,Budget,TH,9415396314,5473625950,0,22,1,0.4
CDE,2024,Gross,Forecast,TH,9842823856,6180790656,707164706,22,20,0.45
CDE,2024,Net,Actual,TH,10398148192,7504224649,3346074792,23,25,0.41
CDE,2024,Net,Budget,TH,7071332605,4158149857,0,25,1,0.29
CDE,2024,Net,Forecast,TH,7978299249,5298198651,1140048794,25,19,0.32
CDE,2024,Op,Actual,TH,9586952186,6570655941,1013268525,23,23,0.4
CDE,2024,Op,Budget,TH,8149561180,5557387416,0,24,1,0.34
CDE,2024,Op,Forecast,TH,7745693849,4806458146,-750929270,23,13,0.35
CDE,2025,Gross,Actual,TH,10250455528,6076362559,-445554962,21,13,0.55
CDE,2025,Gross,Budget,TH,8481273679,6521917521,0,22,1,0.34
CDE,2025,Gross,Forecast,TH,9859433845,4989003027,-1532914494,21,10,0.49
CDE,2025,Net,Actual,TH,7648445661,5180414031,-612398519,25,16,0.32
CDE,2025,Net,Budget,TH,8304507968,5792812550,0,24,1,0.34
CDE,2025,Net,Forecast,TH,8520745513,4778153649,-1014658901,22,14,0.39
CDE,2025,Op,Actual,TH,6890604495,5147646827,66999378,25,16,0.3
CDE,2025,Op,Budget,TH,8189337510,5080647449,0,22,1,0.33
CDE,2025,Op,Forecast,TH,6110110754,4111848910,-968798539,27,12,0.24
PJ,2024,Gross,Actual,TH,8091179488,4548245907,-2072781288,22,11,0.35
PJ,2024,Gross,Budget,TH,10316112249,6621027195,0,21,1,0.44
PJ,2024,Gross,Forecast,TH,6730665712,4465775544,-2155251651,25,10,0.3
PJ,2024,Net,Actual,TH,8119868593,5391563203,15999666,24,17,0.33
PJ,2024,Net,Budget,TH,8952751131,5375563537,0,22,1,0.35
PJ,2024,Net,Forecast,TH,8646113392,5464199933,88636396,25,15,0.35
PJ,2024,Op,Actual,TH,9369283185,6577931199,880579163,22,28,0.36
PJ,2024,Op,Budget,TH,9704110135,5697352036,0,22,1,0.4
PJ,2024,Op,Forecast,TH,8743741414,6446107615,748755579,24,21,0.34
PJ,2025,Gross,Actual,TH,12183322500,7702956100,3510612991,19,19,0.41
PJ,2025,Gross,Budget,TH,7148928691,4192343109,0,25,1,0.35
PJ,2025,Gross,Forecast,TH,9037292612,5703069673,1510726564,22,19,0.4
PJ,2025,Net,Actual,TH,11123435100,7178462000,2461703348,21,19,0.33
PJ,2025,Net,Budget,TH,7382165628,4716758652,0,25,1,0.32
PJ,2025,Net,Forecast,TH,8735659505,5018196658,301438006,23,21,0.37
PJ,2025,Op,Actual,TH,11123435100,7178462000,1361039996,21,14,0.33
PJ,2025,Op,Budget,TH,8934928382,5817422004,0,22,1,0.32
PJ,2025,Op,Forecast,TH,7113316454,5583731413,-233690591,25,19,0.29
CDE,2024,Gross,Actual,TR,36876069766,22927623637,4858777577,11,30,1.6
CDE,2024,Gross,Budget,TR,41160552574,18068846060,0,11,1,1.76
CDE,2024,Gross,Forecast,TR,34523965422,19513724978,1444878918,11,25,1.58
CDE,2024,Net,Actual,TR,32022758926,21751504856,12489934849,13,29,1.27
CDE,2024,Net,Budget,TR,22490757648,9261570007,0,16,1,0.93
CDE,2024,Net,Forecast,TR,37924022439,20587063205,11325493198,12,28,1.54
CDE,2024,Op,Actual,TR,24352335188,15376707205,-1823156636,16,7,1.01
CDE,2024,Op,Budget,TR,29230849255,17199863841,0,14,1,1.23
CDE,2024,Op,Forecast,TR,31428186901,18316907625,1117043784,13,24,1.42
CDE,2025,Gross,Actual,TR,46685846649,29613442714,3336911731,9,28,2.52
CDE,2025,Gross,Budget,TR,48095049493,26276530983,0,10,1,1.94
CDE,2025,Gross,Forecast,TR,22826065863,14435157638,-11841373345,15,4,1.13
CDE,2025,Net,Actual,TR,25675606170,20518552522,-2619601387,15,11,1.09
CDE,2025,Net,Budget,TR,36046036846,23138153909,0,12,1,1.48
CDE,2025,Net,Forecast,TR,26978334681,17329319964,-5808833945,15,6,1.22
CDE,2025,Op,Actual,TR,38058950767,20336583103,2342629590,11,26,1.67
CDE,2025,Op,Budget,TR,29347063726,17993953513,0,14,1,1.19
CDE,2025,Op,Forecast,TR,26453234894,16339999773,-1653953740,13,11,1.06
PJ,2024,Gross,Actual,TR,39848357509,18651878233,-2759867441,10,10,1.74
PJ,2024,Gross,Budget,TR,32883305574,21411745674,0,11,1,1.39
PJ,2024,Gross,Forecast,TR,32037725101,16838104306,-4573641368,12,7,1.45
PJ,2024,Net,Actual,TR,25267080358,13141470314,-583310463,14,14,1.01
PJ,2024,Net,Budget,TR,24898887066,13724780777,0,14,1,0.97
PJ,2024,Net,Forecast,TR,26975721932,16667008890,2942228113,14,25,1.08
PJ,2024,Op,Actual,TR,33936303461,18085585038,-3582330634,12,9,1.31
PJ,2024,Op,Budget,TR,33593740682,21667915672,0,12,1,1.38
PJ,2024,Op,Forecast,TR,18706843233,10797223195,-10870692477,17,3,0.73
PJ,2025,Gross,Actual,TR,47102290000,26108560000,10627332116,9,27,1.58
PJ,2025,Gross,Budget,TR,28443786091,15481227884,0,12,1,1.41
PJ,2025,Gross,Forecast,TR,22632559645,13758904937,-1722322947,14,7,0.99
PJ,2025,Net,Actual,TR,37988060000,22152690000,8501945747,11,25,1.13
PJ,2025,Net,Budget,TR,26204912602,13650744253,0,14,1,1.13
PJ,2025,Net,Forecast,TR,33206115668,16782338972,3131594719,11,28,1.4
PJ,2025,Op,Actual,TR,37988060000,22152690000,-2229522521,11,3,1.13
PJ,2025,Op,Budget,TR,35673579700,24382212521,0,12,1,1.28
PJ,2025,Op,Forecast,TR,27682272200,19231652650,-5150559871,14,7,1.13
CDE,2024,Gross,Actual,TTL VSA,256173229240,76521522661,-55802245449,3,1,11.14
CDE,2024,Gross,Budget,TTL VSA,321490060369,132323768110,0,2,1,13.73
CDE,2024,Gross,Forecast,TTL VSA,310658859675,165647660445,33323892335,2,33,14.22
CDE,2024,Net,Actual,TTL VSA,257363200253,125266804869,53808851570,3,34,10.19
CDE,2024,Net,Budget,TTL VSA,175165436189,71457953299,0,4,1,7.25
CDE,2024,Net,Forecast,TTL VSA,226425151388,124137821468,52679868169,4,32,9.18
CDE,2024,Op,Actual,TTL VSA,216562195918,61244872444,-6532968230,3,4,8.97
CDE,2024,Op,Budget,TTL VSA,198230531452,67777840674,0,4,1,8.34
CDE,2024,Op,Forecast,TTL VSA,227715390602,98934723789,31156883115,4,34,10.28
CDE,2025,Gross,Actual,TTL VSA,264378600927,116177681902,4203303617,2,30,14.29
CDE,2025,Gross,Budget,TTL VSA,230807869782,111974378285,0,3,1,9.3
CDE,2025,Gross,Forecast,TTL VSA,274387484485,141085465543,29111087258,2,34,13.59
CDE,2025,Net,Actual,TTL VSA,185916590336,75038489367,-7290094531,5,4,7.89
CDE,2025,Net,Budget,TTL VSA,241146934295,82328583898,0,4,1,9.91
CDE,2025,Net,Forecast,TTL VSA,161090669924,66292690550,-16035893348,5,5,7.3
CDE,2025,Op,Actual,TTL VSA,235456311558,64276466670,-33977700649,4,1,10.33
CDE,2025,Op,Budget,TTL VSA,257976783202,98254167319,0,4,1,10.42
CDE,2025,Op,Forecast,TTL VSA,265839580581,128097874305,29843706986,3,31,10.61
PJ,2024,Gross,Actual,TTL VSA,242455733351,148576751990,34760237355,3,33,10.57
PJ,2024,Gross,Budget,TTL VSA,281640342614,113816514635,0,3,1,11.89
PJ,2024,Gross,Forecast,TTL VSA,282498502139,86130980993,-27685533642,3,4,12.79
PJ,2024,Net,Actual,TTL VSA,186325208063,89275185553,-25000244787,4,2,7.48
PJ,2024,Net,Budget,TTL VSA,215101041942,114275430340,0,4,1,8.41
PJ,2024,Net,Forecast,TTL VSA,282602998545,86973465168,-27301965172,3,2,11.29
PJ,2024,Op,Actual,TTL VSA,195849623902,80756821964,-32694861279,4,3,7.58
PJ,2024,Op,Budget,TTL VSA,301757675833,113451683243,0,2,1,12.41
PJ,2024,Op,Forecast,TTL VSA,276111010809,113286670798,-165012445,4,16,10.73
PJ,2025,Gross,Actual,TTL VSA,383634563632,166513247732,14154601433,2,29,12.85
PJ,2025,Gross,Budget,TTL VSA,271794057227,152358646299,0,2,1,13.46
PJ,2025,Gross,Forecast,TTL VSA,411454574770,168140014982,15781368683,2,31,18.06
PJ,2025,Net,Actual,TTL VSA,318405608374,134020421674,45768221729,3,33,9.51
PJ,2025,Net,Budget,TTL VSA,167206431805,88252199945,0,5,1,7.18
PJ,2025,Net,Forecast,TTL VSA,267918871373,132402742636,44150542691,3,34,11.26
PJ,2025,Op,Actual,TTL VSA,318405608374,134020421674,36053111997,3,31,9.51
PJ,2025,Op,Budget,TTL VSA,244615510717,97967309677,0,4,1,8.81
PJ,2025,Op,Forecast,TTL VSA,208928810718,87460352353,-10506957324,5,5,8.51
CDE,2024,Gross,Actual,TTL VSCN,50909188636,20844685176,-8098346961,9,4,2.21
CDE,2024,Gross,Budget,TTL VSCN,57467523032,28943032137,0,8,1,2.45
CDE,2024,Gross,Forecast,TTL VSCN,73714127356,36581738977,7638706840,7,31,3.37
CDE,2024,Net,Actual,TTL VSCN,73743784600,47007259091,8794627689,8,26,2.92
CDE,2024,Net,Budget,TTL VSCN,66794229271,38212631402,0,9,1,2.76
CDE,2024,Net,Forecast,TTL VSCN,56507162529,30357838772,-7854792630,10,3,2.29
CDE,2024,Op,Actual,TTL VSCN,77931537572,46831427687,16363909949,8,32,3.23
CDE,2024,Op,Budget,TTL VSCN,54474602640,30467517738,0,10,1,2.29
CDE,2024,Op,Forecast,TTL VSCN,54648895718,34035649827,3568132089,10,28,2.47
CDE,2025,Gross,Actual,TTL VSCN,73702282467,35616619489,6495896448,6,32,3.98
CDE,2025,Gross,Budget,TTL VSCN,56690694872,29120723041,0,9,1,2.28
CDE,2025,Gross,Forecast,TTL VSCN,53093736292,22360217940,-6760505101,9,5,2.63
CDE,2025,Net,Actual,TTL VSCN,51238551703,25792232863,2619039478,10,30,2.17
CDE,2025,Net,Budget,TTL VSCN,64604838805,23173193385,0,10,1,2.65
CDE,2025,Net,Forecast,TTL VSCN,69755195486,32104272107,8931078722,10,32,3.16
CDE,2025,Op,Actual,TTL VSCN,72198125786,35185544705,7936714423,10,31,3.17
CDE,2025,Op,Budget,TTL VSCN,46940055924,27248830282,0,10,1,1.9
CDE,2025,Op,Forecast,TTL VSCN,50071737979,20457188835,-6791641447,10,6,2.0
PJ,2024,Gross,Actual,TTL VSCN,73211275335,34982260806,-15501819819,9,4,3.19
PJ,2024,Gross,Budget,TTL VSCN,81410749216,50484080625,0,7,1,3.44
PJ,2024,Gross,Forecast,TTL VSCN,71258222711,35905827523,-14578253102,7,5,3.23
PJ,2024,Net,Actual,TTL VSCN,62982419168,37574889910,17154033307,9,34,2.53
PJ,2024,Net,Budget,TTL VSCN,59399432814,20420856603,0,9,1,2.32
PJ,2024,Net,Forecast,TTL VSCN,63711199143,36656608868,16235752265,10,30,2.55
PJ,2024,Op,Actual,TTL VSCN,53760763040,26727139091,-9618522618,9,6,2.08
PJ,2024,Op,Budget,TTL VSCN,64309900728,36345661709,0,10,1,2.64
PJ,2024,Op,Forecast,TTL VSCN,50550809425,30100782759,-6244878950,10,6,1.97
PJ,2025,Gross,Actual,TTL VSCN,88293431200,46100850000,9126626441,7,26,2.96
PJ,2025,Gross,Budget,TTL VSCN,69820121178,36974223559,0,7,1,3.46
PJ,2025,Gross,Forecast,TTL VSCN,62957526669,36890737984,-83485575,9,12,2.76
PJ,2025,Net,Actual,TTL VSCN,86479482100,45309160000,6092934231,8,22,2.58
PJ,2025,Net,Budget,TTL VSCN,67116953913,39216225769,0,9,1,2.88
PJ,2025,Net,Forecast,TTL VSCN,68423601287,38894963916,-321261853,9,15,2.87
PJ,2025,Op,Actual,TTL VSCN,86479482100,45309160000,12116009629,8,29,2.58
PJ,2025,Op,Budget,TTL VSCN,77253089942,33193150371,0,9,1,2.78
PJ,2025,Op,Forecast,TTL VSCN,42946677383,15340266072,-17852884299,10,4,1.75
CDE,2024,Gross,Actual,TTL VSE,207805889354,115424741049,29920102947,4,31,9.04
CDE,2024,Gross,Budget,TTL VSE,187881824163,85504638102,0,4,1,8.02
CDE,2024,Gross,Forecast,TTL VSE,180618896851,89261714005,3757075903,4,28,8.26
CDE,2024,Net,Actual,TTL VSE,227984018394,67144205417,-37868416278,4,1,9.03
CDE,2024,Net,Budget,TTL VSE,241580538026,105012621695,0,3,1,10.0
CDE,2024,Net,Forecast,TTL VSE,321386582651,170437008225,65424386530,2,33,13.03
CDE,2024,Op,Actual,TTL VSE,357645682735,162272439439,37119318211,2,33,14.82
CDE,2024,Op,Budget,TTL VSE,300115817633,125153121228,0,2,1,12.62
CDE,2024,Op,Forecast,TTL VSE,286942022031,117369214997,-7783906231,2,2,12.95
CDE,2025,Gross,Actual,TTL VSE,100135808963,57670024644,-36981941918,5,3,5.41
CDE,2025,Gross,Budget,TTL VSE,215717241414,94651966562,0,4,1,8.69
CDE,2025,Gross,Forecast,TTL VSE,254145480700,119972931387,25320964825,3,33,12.59
CDE,2025,Net,Actual,TTL VSE,257363268243,103439390472,6391098478,2,33,10.92
CDE,2025,Net,Budget,TTL VSE,248837153445,97048291994,0,2,1,10.22
CDE,2025,Net,Forecast,TTL VSE,282007425632,168318133354,71269841360,2,34,12.77
CDE,2025,Op,Actual,TTL VSE,266727207023,113886765507,-22470684075,3,3,11.7
CDE,2025,Op,Budget,TTL VSE,258280782556,136357449582,0,3,1,10.44
CDE,2025,Op,Forecast,TTL VSE,254137151596,85205584486,-51151865096,4,2,10.14
PJ,2024,Gross,Actual,TTL VSE,173777630117,95280251532,-29068145773,4,3,7.58
PJ,2024,Gross,Budget,TTL VSE,174058845136,124348397305,0,5,1,7.35
PJ,2024,Gross,Forecast,TTL VSE,143170022862,53824685475,-70523711830,4,1,6.48
PJ,2024,Net,Actual,TTL VSE,340832712098,107213245520,-14949865336,2,4,13.68
PJ,2024,Net,Budget,TTL VSE,250661616678,122163110856,0,2,1,9.8
PJ,2024,Net,Forecast,TTL VSE,310618649554,179548156786,57385045930,2,34,12.41
PJ,2024,Op,Actual,TTL VSE,279096151528,75380888478,-38683686480,2,2,10.8
PJ,2024,Op,Budget,TTL VSE,264531184434,114064574958,0,3,1,10.88
PJ,2024,Op,Forecast,TTL VSE,303237975980,77723173992,-36341400966,2,2,11.79
PJ,2025,Gross,Actual,TTL VSE,241585420000,112845790000,30070792392,3,33,8.09
PJ,2025,Gross,Budget,TTL VSE,176716875246,82774997608,0,4,1,8.75
PJ,2025,Gross,Forecast,TTL VSE,196801889693,99317858907,16542861299,4,33,8.64
PJ,2025,Net,Actual,TTL VSE,384957025600,167092284200,28671298369,2,30,11.5
PJ,2025,Net,Budget,TTL VSE,252387733594,138420985831,0,2,1,10.84
PJ,2025,Net,Forecast,TTL VSE,366853174560,132656587978,-5764397853,2,7,15.41
PJ,2025,Op,Actual,TTL VSE,384957025600,167092284200,50389538319,2,34,11.5
PJ,2025,Op,Budget,TTL VSE,318401271893,116702745881,0,2,1,11.47
PJ,2025,Op,Forecast,TTL VSE,317300306755,65122946884,-51579798997,2,2,12.92
CDE,2024,Gross,Actual,TTL VSEE,70582080870,29754732492,-8262515255,7,3,3.07
CDE,2024,Gross,Budget,TTL VSEE,81522722820,38017247747,0,7,1,3.48
CDE,2024,Gross,Forecast,TTL VSEE,47856807266,23544320417,-14472927330,9,2,2.19
CDE,2024,Net,Actual,TTL VSEE,190463326303,64954250314,27525272762,5,32,7.54
CDE,2024,Net,Budget,TTL VSEE,161715629878,37428977552,0,5,1,6.69
CDE,2024,Net,Forecast,TTL VSEE,163375856235,104183100754,66754123202,5,34,6.62
CDE,2024,Op,Actual,TTL VSEE,189071673234,39914025704,9581258457,4,29,7.84
CDE,2024,Op,Budget,TTL VSEE,174481555724,30332767247,0,5,1,7.34
CDE,2024,Op,Forecast,TTL VSEE,173937787132,55533580848,25200813601,5,33,7.85
CDE,2025,Gross,Actual,TTL VSEE,46284929084,21116057112,-14287559028,10,4,2.5
CDE,2025,Gross,Budget,TTL VSEE,72498471325,35403616140,0,7,1,2.92
CDE,2025,Gross,Forecast,TTL VSEE,82741322505,48989996824,13586380684,7,31,4.1
CDE,2025,Net,Actual,TTL VSEE,196613968014,100709323518,-6511045460,4,6,8.34
CDE,2025,Net,Budget,TTL VSEE,217209295129,107220368978,0,5,1,8.92
CDE,2025,Net,Forecast,TTL VSEE,232770174045,85649616409,-21570752569,3,3,10.54
CDE,2025,Op,Actual,TTL VSEE,198024951275,95238206645,-33834687039,5,2,8.68
CDE,2025,Op,Budget,TTL VSEE,197907487582,129072893684,0,5,1,8.0
CDE,2025,Op,Forecast,TTL VSEE,165729843147,59936461165,-69136432519,5,1,6.62
PJ,2024,Gross,Actual,TTL VSEE,84379557423,42941616325,28537170129,7,32,3.68
PJ,2024,Gross,Budget,TTL VSEE,41283089320,14404446196,0,10,1,1.74
PJ,2024,Gross,Forecast,TTL VSEE,53436297382,13620786040,-783660156,9,13,2.42
PJ,2024,Net,Actual,TTL VSEE,152951657492,79898827604,-8171823148,6,6,6.14
PJ,2024,Net,Budget,TTL VSEE,227018120536,88070650752,0,3,1,8.87
PJ,2024,Net,Forecast,TTL VSEE,223795607134,62310965636,-25759685116,5,3,8.94
PJ,2024,Op,Actual,TTL VSEE,180958722924,70870809484,-52524195310,5,1,7.0
PJ,2024,Op,Budget,TTL VSEE,236320581390,123395004794,0,4,1,9.72
PJ,2024,Op,Forecast,TTL VSEE,187656945383,67334046174,-56060958620,5,1,7.29
PJ,2025,Gross,Actual,TTL VSEE,93167170000,44509420000,22328388622,6,32,3.12
PJ,2025,Gross,Budget,TTL VSEE,54719437625,22181031378,0,8,1,2.71
PJ,2025,Gross,Forecast,TTL VSEE,65173120838,34665048216,12484016838,8,30,2.86
PJ,2025,Net,Actual,TTL VSEE,258351025600,108550864200,23961447429,4,29,7.72
PJ,2025,Net,Budget,TTL VSEE,201776688298,84589416771,0,4,1,8.67
PJ,2025,Net,Forecast,TTL VSEE,99647748834,40141604926,-44447811845,7,2,4.19
PJ,2025,Op,Actual,TTL VSEE,258351025600,108550864200,17010065780,4,30,7.72
PJ,2025,Op,Budget,TTL VSEE,166057678312,91540798420,0,6,1,5.98
PJ,2025,Op,Forecast,TTL VSEE,267077289284,121293421594,29752623174,3,34,10.87
CDE,2024,Gross,Actual,TTL VSEW,84896109795,38484645824,-12677578318,6,2,3.69
CDE,2024,Gross,Budget,TTL VSEW,87686264250,51162224142,0,6,1,3.74
CDE,2024,Gross,Forecast,TTL VSEW,93640024789,42570129068,-8592095074,6,3,4.28
CDE,2024,Net,Actual,TTL VSEW,60419861975,29797704475,-10047837138,10,3,2.39
CDE,2024,Net,Budget,TTL VSEW,80566050981,39845541613,0,7,1,3.33
CDE,2024,Net,Forecast,TTL VSEW,95828975125,33634034870,-6211506743,8,4,3.88
CDE,2024,Op,Actual,TTL VSEW,70279560766,36428124283,6725842512,9,27,2.91
CDE,2024,Op,Budget,TTL VSEW,74088610720,29702281771,0,8,1,3.12
CDE,2024,Op,Forecast,TTL VSEW,89237710540,33919795638,4217513867,8,30,4.03
CDE,2025,Gross,Actual,TTL VSEW,71496688836,46897592672,3910746471,8,29,3.87
CDE,2025,Gross,Budget,TTL VSEW,63686354319,42986846201,0,8,1,2.57
CDE,2025,Gross,Forecast,TTL VSEW,84395437936,44833177787,1846331586,6,24,4.18
CDE,2025,Net,Actual,TTL VSEW,80283129834,27703045609,-28691406790,9,2,3.41
CDE,2025,Net,Budget,TTL VSEW,94017595024,56394452399,0,8,1,3.86
CDE,2025,Net,Forecast,TTL VSEW,78718141177,36128407824,-20266044575,8,4,3.57
CDE,2025,Op,Actual,TTL VSEW,98900167571,55598057263,17955594397,7,32,4.34
CDE,2025,Op,Budget,TTL VSEW,81388877173,37642462866,0,8,1,3.29
CDE,2025,Op,Forecast,TTL VSEW,101428351081,42142097092,4499634226,8,29,4.05
PJ,2024,Gross,Actual,TTL VSEW,83399773681,34175199960,-30134425059,8,2,3.64
PJ,2024,Gross,Budget,TTL VSEW,96776914645,64309625019,0,6,1,4.09
PJ,2024,Gross,Forecast,TTL VSEW,63625696294,34014647582,-30294977437,8,3,2.88
PJ,2024,Net,Actual,TTL VSEW,84865577189,39969838208,-14882259694,8,5,3.41
PJ,2024,Net,Budget,TTL VSEW,85680950659,54852097902,0,8,1,3.35
PJ,2024,Net,Forecast,TTL VSEW,90863667204,54790527261,-61570641,8,12,3.63
PJ,2024,Op,Actual,TTL VSEW,101774789286,55221146099,25439617193,8,31,3.94
PJ,2024,Op,Budget,TTL VSEW,66850296575,29781528906,0,9,1,2.75
PJ,2024,Op,Forecast,TTL VSEW,68435769359,34466002441,4684473535,9,28,2.66
PJ,2025,Gross,Actual,TTL VSEW,119822720000,58832700000,13750647977,5,28,4.01
PJ,2025,Gross,Budget,TTL VSEW,90121100201,45082052023,0,6,1,4.46
PJ,2025,Gross,Forecast,TTL VSEW,112130974022,61460890935,16378838912,6,32,4.92
PJ,2025,Net,Actual,TTL VSEW,106219590000,51833130000,20127572960,7,28,3.17
PJ,2025,Net,Budget,TTL VSEW,73288155797,31705557040,0,8,1,3.15
PJ,2025,Net,Forecast,TTL VSEW,76329787273,38091462765,6385905725,8,31,3.21
PJ,2025,Op,Actual,TTL VSEW,106219590000,51833130000,2257056453,7,18,3.17
PJ,2025,Op,Budget,TTL VSEW,104356690913,49576073547,0,8,1,3.76
PJ,2025,Op,Forecast,TTL VSEW,84986844255,44514591013,-5061482534,8,8,3.46
CDE,2024,Gross,Actual,TTL VSI,193454299525,107107771120,45835374000,5,32,8.41
CDE,2024,Gross,Budget,TTL VSI,138323008613,61272397120,0,5,1,5.91
CDE,2024,Gross,Forecast,TTL VSI,169882288518,99516103615,38243706495,5,34,7.77
CDE,2024,Net,Actual,TTL VSI,125272091753,88907823431,12804964405,6,30,4.96
CDE,2024,Net,Budget,TTL VSI,109944288257,76102859026,0,6,1,4.55
CDE,2024,Net,Forecast,TTL VSI,148671220304,79471840280,3368981254,6,24,6.03
CDE,2024,Op,Actual,TTL VSI,126009115863,88423190569,10740549141,7,30,5.22
CDE,2024,Op,Budget,TTL VSI,143856114219,77682641428,0,6,1,6.05
CDE,2024,Op,Forecast,TTL VSI,116510222148,70560699052,-7121942376,7,4,5.26
CDE,2025,Gross,Actual,TTL VSI,160815109927,108313941096,31385709926,4,34,8.69
CDE,2025,Gross,Budget,TTL VSI,177855174690,76928231170,0,5,1,7.16
CDE,2025,Gross,Forecast,TTL VSI,112925215366,62956494735,-13971736435,5,3,5.59
CDE,2025,Net,Actual,TTL VSI,107972477474,60099186663,-4788062825,6,9,4.58
CDE,2025,Net,Budget,TTL VSI,138504245304,64887249488,0,7,1,5.69
CDE,2025,Net,Forecast,TTL VSI,102853026315,61049492204,-3837757284,6,8,4.66
CDE,2025,Op,Actual,TTL VSI,143643561542,72634783314,-14404800017,6,4,6.3
CDE,2025,Op,Budget,TTL VSI,138416394980,87039583331,0,6,1,5.59
CDE,2025,Op,Forecast,TTL VSI,150049026062,79246116130,-7793467201,6,4,5.99
PJ,2024,Gross,Actual,TTL VSI,122248430002,73448153235,-47965568664,5,1,5.33
PJ,2024,Gross,Budget,TTL VSI,188848323264,121413721899,0,4,1,7.97
PJ,2024,Gross,Forecast,TTL VSI,124851231580,88332162621,-33081559278,5,2,5.65
PJ,2024,Net,Actual,TTL VSI,119830076105,62345532430,-17066519541,7,3,4.81
PJ,2024,Net,Budget,TTL VSI,155733203731,79412051971,0,7,1,6.09
PJ,2024,Net,Forecast,TTL VSI,111986207294,71444421097,-7967630874,7,4,4.48
PJ,2024,Op,Actual,TTL VSI,167067519615,102995768147,32606440864,6,32,6.46
PJ,2024,Op,Budget,TTL VSI,116104403069,70389327283,0,6,1,4.77
PJ,2024,Op,Forecast,TTL VSI,165278681822,90062884592,19673557309,6,33,6.42
PJ,2025,Gross,Actual,TTL VSI,190383423300,106251985700,2171939292,4,15,6.38
PJ,2025,Gross,Budget,TTL VSI,176248040300,104080046408,0,5,1,8.73
PJ,2025,Gross,Forecast,TTL VSI,150148189252,77165634673,-26914411735,5,2,6.59
PJ,2025,Net,Actual,TTL VSI,182742590200,101371387200,34072493438,5,32,5.46
PJ,2025,Net,Budget,TTL VSI,135966629328,67298893762,0,7,1,5.84
PJ,2025,Net,Forecast,TTL VSI,105348784206,60134259264,-7164634498,6,6,4.43
PJ,2025,Op,Actual,TTL VSI,182742590200,101371387200,40815776783,5,32,5.46
PJ,2025,Op,Budget,TTL VSI,123592653536,60555610417,0,7,1,4.45
PJ,2025,Op,Forecast,TTL VSI,131732732581,88367923760,27812313343,6,33,5.36
CDE,2024,Gross,Actual,TW,28962041468,15840034873,-2443372883,13,10,1.26
CDE,2024,Gross,Budget,TW,31944722727,18283407756,0,13,1,1.36
CDE,2024,Gross,Forecast,TW,31697543337,16264198701,-2019209055,12,7,1.45
CDE,2024,Net,Actual,TW,33708569764,16011525676,-8333176947,12,4,1.33
CDE,2024,Net,Budget,TW,41285994207,24344702623,0,11,1,1.71
CDE,2024,Net,Forecast,TW,30710741017,14918342393,-9426360230,14,2,1.24
CDE,2024,Op,Actual,TW,35799845743,19316590335,597919348,11,19,1.48
CDE,2024,Op,Budget,TW,34252109292,18718670987,0,12,1,1.44
CDE,2024,Op,Forecast,TW,35963697655,19367607234,648936247,11,23,1.62
CDE,2025,Gross,Actual,TW,25857779938,16948400734,2740463033,15,27,1.4
CDE,2025,Gross,Budget,TW,29733765361,14207937701,0,12,1,1.2
CDE,2025,Gross,Forecast,TW,29115907879,16374811283,2166873582,13,26,1.44
CDE,2025,Net,Actual,TW,27700448910,14201832135,-910820956,13,14,1.17
CDE,2025,Net,Budget,TW,26085080476,15112653091,0,15,1,1.07
CDE,2025,Net,Forecast,TW,32827061731,14887569734,-225083357,13,20,1.49
CDE,2025,Op,Actual,TW,30913659836,16086801332,2800135621,14,28,1.36
CDE,2025,Op,Budget,TW,30587242415,13286665711,0,13,1,1.24
CDE,2025,Op,Forecast,TW,25976071835,12647828029,-638837682,14,15,1.04
PJ,2024,Gross,Actual,TW,35489243132,20279546609,7368195216,11,30,1.55
PJ,2024,Gross,Budget,TW,26910851905,12911351393,0,12,1,1.14
PJ,2024,Gross,Forecast,TW,31379702170,15310511157,2399159764,13,31,1.42
PJ,2024,Net,Actual,TW,30927646200,15380454502,-1563519875,13,8,1.24
PJ,2024,Net,Budget,TW,32697638720,16943974377,0,12,1,1.28
PJ,2024,Net,Forecast,TW,34925440333,16530647552,-413326825,11,9,1.4
PJ,2024,Op,Actual,TW,36349460968,14794905818,608232793,11,26,1.41
PJ,2024,Op,Budget,TW,28546092055,14186673025,0,15,1,1.17
PJ,2024,Op,Forecast,TW,34615455520,21249233979,7062560954,12,31,1.35
PJ,2025,Gross,Actual,TW,39974138400,22094380000,3499033599,11,18,1.34
PJ,2025,Gross,Budget,TW,26680653309,18595346401,0,13,1,1.32
PJ,2025,Gross,Forecast,TW,30555372418,14990714852,-3604631549,12,5,1.34
PJ,2025,Net,Actual,TW,43191244000,22094192600,4705571707,10,21,1.29
PJ,2025,Net,Budget,TW,31846929330,17388620893,0,11,1,1.37
PJ,2025,Net,Forecast,TW,32931877495,17579327579,190706686,12,19,1.38
PJ,2025,Op,Actual,TW,43191244000,22094192600,2563767789,10,20,1.29
PJ,2025,Op,Budget,TW,34017569149,19530424811,0,13,1,1.22
PJ,2025,Op,Forecast,TW,32742369612,20557829263,1027404452,11,26,1.33
CDE,2024,Gross,Actual,UK,7255950079,4031910495,-3505559350,26,8,0.32
CDE,2024,Gross,Budget,UK,14584032274,7537469845,0,20,1,0.62
CDE,2024,Gross,Forecast,UK,13115528272,8020732200,483262355,20,19,0.6
CDE,2024,Net,Actual,UK,12817795810,8016675608,1642710670,21,23,0.51
CDE,2024,Net,Budget,UK,10114218754,6373964938,0,21,1,0.42
CDE,2024,Net,Forecast,UK,10441685198,7892127882,1518162944,20,21,0.42
CDE,2024,Op,Actual,UK,9687278872,6237926902,-2324345481,22,6,0.4
CDE,2024,Op,Budget,UK,10777114663,8562272383,0,21,1,0.45
CDE,2024,Op,Forecast,UK,9796800789,7875617638,-686654745,22,14,0.44
CDE,2025,Gross,Actual,UK,14731991748,8609878060,89527084,19,17,0.8
CDE,2025,Gross,Budget,UK,11525204350,8520350976,0,20,1,0.46
CDE,2025,Gross,Forecast,UK,10851002862,7253905843,-1266445133,20,11,0.54
CDE,2025,Net,Actual,UK,3159258467,2034851734,-4001891987,32,10,0.13
CDE,2025,Net,Budget,UK,8526732996,6036743721,0,22,1,0.35
CDE,2025,Net,Forecast,UK,9575612790,5515446103,-521297618,21,17,0.43
CDE,2025,Op,Actual,UK,13495513008,8367885227,-651885980,20,11,0.59
CDE,2025,Op,Budget,UK,13746546663,9019771207,0,21,1,0.56
CDE,2025,Op,Forecast,UK,9375017125,5384699636,-3635071571,20,7,0.37
PJ,2024,Gross,Actual,UK,14682753476,9882557974,2693968970,19,26,0.64
PJ,2024,Gross,Budget,UK,12380313048,7188589004,0,20,1,0.52
PJ,2024,Gross,Forecast,UK,15369804784,8077303355,888714351,19,24,0.7
PJ,2024,Net,Actual,UK,13020626309,7253838319,2575055836,21,28,0.52
PJ,2024,Net,Budget,UK,8483795352,4678782483,0,24,1,0.33
PJ,2024,Net,Forecast,UK,7907313991,4442641987,-236140496,26,10,0.32
PJ,2024,Op,Actual,UK,8922497755,5446506113,-3144138990,23,11,0.35
PJ,2024,Op,Budget,UK,12000137258,8590645103,0,20,1,0.49
PJ,2024,Op,Forecast,UK,10546442441,4899891286,-3690753817,21,7,0.41
PJ,2025,Gross,Actual,UK,17248920000,10620010000,1141651247,18,11,0.58
PJ,2025,Gross,Budget,UK,13969461688,9478358753,0,20,1,0.69
PJ,2025,Gross,Forecast,UK,7940165921,4014667448,-5463691305,23,4,0.35
PJ,2025,Net,Actual,UK,14328190000,8890750000,1132751815,19,11,0.43
PJ,2025,Net,Budget,UK,12053420477,7757998185,0,21,1,0.52
PJ,2025,Net,Forecast,UK,11427456803,6423264068,-1334734117,19,12,0.48
PJ,2025,Op,Actual,UK,14328190000,8890750000,2575919870,19,21,0.43
PJ,2025,Op,Budget,UK,10152862279,6314830130,0,21,1,0.37
PJ,2025,Op,Forecast,UK,10809893863,5441420365,-873409765,21,16,0.44
CDE,2024,Gross,Actual,VN,5581333605,3044687662,-2588400582,29,9,0.24
CDE,2024,Gross,Budget,VN,8065065573,5633088244,0,23,1,0.34
CDE,2024,Gross,Forecast,VN,9650724401,6949384222,1316295978,23,23,0.44
CDE,2024,Net,Actual,VN,7544169352,5007208410,59187584,24,15,0.3
CDE,2024,Net,Budget,VN,7574753020,4948020826,0,24,1,0.31
CDE,2024,Net,Forecast,VN,8227279304,6637992071,1689971245,23,22,0.33
CDE,2024,Op,Actual,VN,6303835654,3368795315,276614300,27,16,0.26
CDE,2024,Op,Budget,VN,4582926394,3092181015,0,29,1,0.19
CDE,2024,Op,Forecast,VN,6292541411,3149899480,57718465,27,21,0.28
CDE,2025,Gross,Actual,VN,8745038203,5805423999,-1517125582,24,9,0.47
CDE,2025,Gross,Budget,VN,9799156882,7322549581,0,21,1,0.39
CDE,2025,Gross,Forecast,VN,8432976218,6398314745,-924234836,23,12,0.42
CDE,2025,Net,Actual,VN,8223342863,5123515490,1054235924,23,29,0.35
CDE,2025,Net,Budget,VN,6516943986,4069279566,0,27,1,0.27
CDE,2025,Net,Forecast,VN,7852173255,6147974215,2078694649,23,27,0.36
CDE,2025,Op,Actual,VN,6069862590,3548124535,-942419023,27,9,0.27
CDE,2025,Op,Budget,VN,7039982002,4490543558,0,25,1,0.28
CDE,2025,Op,Forecast,VN,7514647369,5185388248,694844690,22,25,0.3
PJ,2024,Gross,Actual,VN,5296149069,3142207321,-3097622204,27,9,0.23
PJ,2024,Gross,Budget,VN,8422414930,6239829525,0,24,1,0.36
PJ,2024,Gross,Forecast,VN,10493646989,8348352339,2108522814,21,29,0.48
PJ,2024,Net,Actual,VN,7431635500,4859952183,1739634917,25,26,0.3
PJ,2024,Net,Budget,VN,5731434381,3120317266,0,28,1,0.22
PJ,2024,Net,Forecast,VN,8659678687,6242721053,3122403787,24,26,0.35
PJ,2024,Op,Actual,VN,9603128176,7298355283,3233572139,21,30,0.37
PJ,2024,Op,Budget,VN,6993294179,4064783144,0,26,1,0.29
PJ,2024,Op,Forecast,VN,8649234546,7247526433,3182743289,25,26,0.34
PJ,2025,Gross,Actual,VN,10595970900,7419139100,4563239138,22,22,0.36
PJ,2025,Gross,Budget,VN,5498134177,2855899962,0,26,1,0.27
PJ,2025,Gross,Forecast,VN,6833561051,4407152741,1551252779,27,21,0.3
PJ,2025,Net,Actual,VN,10425940200,7288669400,2335271965,23,18,0.31
PJ,2025,Net,Budget,VN,7104843781,4953397435,0,27,1,0.31
PJ,2025,Net,Forecast,VN,8481439473,5542331818,588934383,25,25,0.36
PJ,2025,Op,Actual,VN,10425940200,7288669400,1693990211,23,15,0.31
PJ,2025,Op,Budget,VN,8166960675,5594679189,0,23,1,0.29
PJ,2025,Op,Forecast,VN,8155084281,6852263742,1257584553,24,28,0.33
CDE,2024,Gross,Actual,VSA,259322274456,153554893565,64953385670,2,34,11.28
CDE,2024,Gross,Budget,VSA,287914153469,88601507895,0,3,1,12.29
CDE,2024,Gross,Forecast,VSA,300819742231,119610961885,31009453990,3,32,13.77
CDE,2024,Net,Actual,VSA,281962552261,129350429250,11711952865,2,28,11.16
CDE,2024,Net,Budget,VSA,276229204023,117638476385,0,2,1,11.43
CDE,2024,Net,Forecast,VSA,300232255982,147812666047,30174189662,3,31,12.17
CDE,2024,Op,Actual,VSA,185950342128,49547483782,-29488030824,5,1,7.71
CDE,2024,Op,Budget,VSA,248103889894,79035514606,0,3,1,10.44
CDE,2024,Op,Forecast,VSA,253803860191,88365274932,9329760326,3,32,11.46
CDE,2025,Gross,Actual,VSA,261175918830,94695927582,-56548308918,3,2,14.12
CDE,2025,Gross,Budget,VSA,346133359603,151244236500,0,2,1,13.94
CDE,2025,Gross,Forecast,VSA,239596496926,59517388190,-91726848310,4,2,11.87
CDE,2025,Net,Actual,VSA,211346458169,96898035134,21638936434,3,34,8.96
CDE,2025,Net,Budget,VSA,241743398296,75259098700,0,3,1,9.93
CDE,2025,Net,Forecast,VSA,183107689371,85187035512,9927936812,4,33,8.29
CDE,2025,Op,Actual,VSA,278042585959,106256482310,4192625092,2,30,12.19
CDE,2025,Op,Budget,VSA,263622409343,102063857218,0,2,1,10.65
CDE,2025,Op,Forecast,VSA,295873220771,134932682767,32868825549,2,32,11.81
PJ,2024,Gross,Actual,VSA,327308524040,161874928646,84924410226,2,34,14.28
PJ,2024,Gross,Budget,VSA,292080821188,76950518420,0,2,1,12.33
PJ,2024,Gross,Forecast,VSA,358615464699,116777064932,39826546512,2,33,16.24
PJ,2024,Net,Actual,VSA,296547152399,100520905719,4598015265,3,31,11.91
PJ,2024,Net,Budget,VSA,176281974566,95922890454,0,5,1,6.89
PJ,2024,Net,Forecast,VSA,275505960830,144281581408,48358690954,4,33,11.01
PJ,2024,Op,Actual,VSA,233285085921,108309147323,-13700119936,3,4,9.03
PJ,2024,Op,Budget,VSA,194056963714,122009267259,0,5,1,7.98
PJ,2024,Op,Forecast,VSA,281020274062,138059983843,16050716584,3,32,10.92
PJ,2025,Gross,Actual,VSA,383634563632,166513247732,15758737651,2,30,12.85
PJ,2025,Gross,Budget,VSA,268026006551,150754510081,0,3,1,13.27
PJ,2025,Gross,Forecast,VSA,206286457121,42277086191,-108477423890,3,1,9.06
PJ,2025,Net,Actual,VSA,318405608374,134020421674,33101840904,3,31,9.51
PJ,2025,Net,Budget,VSA,219827351758,100918580770,0,3,1,9.44
PJ,2025,Net,Forecast,VSA,233504586922,88527551668,-12391029102,4,4,9.81
PJ,2025,Op,Actual,VSA,318405608374,134020421674,48414723890,3,33,9.51
PJ,2025,Op,Budget,VSA,250066377616,85605697784,0,3,1,9.0
PJ,2025,Op,Forecast,VSA,264700994722,102529046830,16923349046,4,32,10.78
CDE,2024,Gross,Actual,VSC,756395602275,452466278653,58145652115,1,33,32.89
CDE,2024,Gross,Budget,VSC,737823892756,394320626538,0,1,1,31.5
CDE,2024,Gross,Forecast,VSC,598745685759,316865318555,-77455307983,1,1,27.4
CDE,2024,Net,Actual,VSC,772698702509,343617790226,-22815243020,1,2,30.6
CDE,2024,Net,Budget,VSC,845645497874,366433033246,0,1,1,35.0
CDE,2024,Net,Forecast,VSC,661187466410,255715397556,-110717635690,1,1,26.8
CDE,2024,Op,Actual,VSC,660862749407,319248875855,43389715781,1,34,27.39
CDE,2024,Op,Budget,VSC,665812752974,275859160074,0,1,1,28.01
CDE,2024,Op,Forecast,VSC,490061291870,273164247280,-2694912794,1,6,22.12
CDE,2025,Gross,Actual,VSC,435955000391,189467347071,-263296562747,1,1,23.57
CDE,2025,Gross,Budget,VSC,886543228557,452763909818,0,1,1,35.71
CDE,2025,Gross,Forecast,VSC,510107307998,323243081892,-129520827926,1,1,25.26
CDE,2025,Net,Actual,VSC,751374603580,270176687531,-36195005382,1,1,31.87
CDE,2025,Net,Budget,VSC,581320274276,306371692913,0,1,1,23.88
CDE,2025,Net,Forecast,VSC,575635219368,234461246529,-71910446384,1,1,26.07
CDE,2025,Op,Actual,VSC,493598531216,296046855230,54418351152,1,34,21.65
CDE,2025,Op,Budget,VSC,693033320468,241628504078,0,1,1,28.0
CDE,2025,Op,Forecast,VSC,729432288651,376617292886,134988788808,1,34,29.12
PJ,2024,Gross,Actual,VSC,754342962610,361983459063,-3714401008,1,8,32.9
PJ,2024,Gross,Budget,VSC,804499474328,365697860071,0,1,1,33.96
PJ,2024,Gross,Forecast,VSC,697129465732,575748666945,210050806874,1,34,31.57
PJ,2024,Net,Actual,VSC,700080176721,375927206239,-81530693199,1,1,28.11
PJ,2024,Net,Budget,VSC,870551743718,457457899438,0,1,1,34.03
PJ,2024,Net,Forecast,VSC,560336099330,264881682926,-192576216512,1,1,22.39
PJ,2024,Op,Actual,VSC,858065364440,444675470226,135128461305,1,34,33.2
PJ,2024,Op,Budget,VSC,698508619204,309547008921,0,1,1,28.72
PJ,2024,Op,Forecast,VSC,761465420439,351699625553,42152616632,1,34,29.6
PJ,2025,Gross,Actual,VSC,923883907332,442759063432,198759986873,1,34,30.96
PJ,2025,Gross,Budget,VSC,526859090481,243999076559,0,1,1,26.09
PJ,2025,Gross,Forecast,VSC,671606581051,326197654024,82198577465,1,34,29.48
PJ,2025,Net,Actual,VSC,994180328274,458840349374,127237905415,1,34,29.7
PJ,2025,Net,Budget,VSC,712275646114,331602443959,0,1,1,30.59
PJ,2025,Net,Forecast,VSC,668044439415,241303633952,-90298810007,1,1,28.07
PJ,2025,Op,Actual,VSC,994180328274,458840349374,664115775,1,10,29.7
PJ,2025,Op,Budget,VSC,850605194979,458176233599,0,1,1,30.63
PJ,2025,Op,Forecast,VSC,645818260604,381703450592,-76472783007,1,1,26.29
CDE,2024,Gross,Actual,VSCN,61544822386,23270302501,-5370545616,8,6,2.68
CDE,2024,Gross,Budget,VSCN,53960003915,28640848117,0,9,1,2.3
CDE,2024,Gross,Forecast,VSCN,62513042910,32985884351,4345036234,8,30,2.86
CDE,2024,Net,Actual,VSCN,70349536588,43313626740,18582840081,9,31,2.79
CDE,2024,Net,Budget,VSCN,59346496877,24730786659,0,10,1,2.46
CDE,2024,Net,Forecast,VSCN,61306313538,39710929490,14980142831,9,29,2.48
CDE,2024,Op,Actual,VSCN,68369200855,39273488503,11529671955,10,31,2.83
CDE,2024,Op,Budget,VSCN,64818437865,27743816548,0,9,1,2.73
CDE,2024,Op,Forecast,VSCN,57158341571,36037512466,8293695918,9,31,2.58
CDE,2025,Gross,Actual,VSCN,73225155861,40778418714,12436306636,7,33,3.96
CDE,2025,Gross,Budget,VSCN,78189089701,28342112078,0,6,1,3.15
CDE,2025,Gross,Forecast,VSCN,72518358985,43558822330,15216710252,8,32,3.59
CDE,2025,Net,Actual,VSCN,92733332513,42071692567,5121426939,8,32,3.93
CDE,2025,Net,Budget,VSCN,76093306224,36950265628,0,9,1,3.13
CDE,2025,Net,Forecast,VSCN,77935937806,39407605454,2457339826,9,28,3.53
CDE,2025,Op,Actual,VSCN,73334280032,36577075004,4142012639,9,29,3.22
CDE,2025,Op,Budget,VSCN,74629025366,32435062365,0,9,1,3.02
CDE,2025,Op,Forecast,VSCN,71745937823,49772904078,17337841713,9,30,2.86
PJ,2024,Gross,Actual,VSCN,88079390516,51365987184,17456244824,6,31,3.84
PJ,2024,Gross,Budget,VSCN,63458924705,33909742360,0,8,1,2.68
PJ,2024,Gross,Forecast,VSCN,73209237196,22735055437,-11174686923,6,6,3.32
PJ,2024,Net,Actual,VSCN,55186189652,37454944201,17052429601,10,33,2.22
PJ,2024,Net,Budget,VSCN,48133518569,20402514600,0,10,1,1.88
PJ,2024,Net,Forecast,VSCN,73248191496,41009550920,20607036320,9,31,2.93
PJ,2024,Op,Actual,VSCN,48325125857,24595607299,-10397321171,10,5,1.87
PJ,2024,Op,Budget,VSCN,71570599592,34992928470,0,7,1,2.94
PJ,2024,Op,Forecast,VSCN,72176125922,38561534150,3568605680,8,27,2.81
PJ,2025,Gross,Actual,VSCN,88293431200,46100850000,21002755057,7,31,2.96
PJ,2025,Gross,Budget,VSCN,53101795578,25098094943,0,9,1,2.63
PJ,2025,Gross,Forecast,VSCN,68026856897,34884425036,9786330093,7,28,2.99
PJ,2025,Net,Actual,VSCN,86479482100,45309160000,18043458403,8,27,2.58
PJ,2025,Net,Budget,VSCN,46698659411,27265701597,0,10,1,2.01
PJ,2025,Net,Forecast,VSCN,65423155712,39643934097,12378232500,10,32,2.75
PJ,2025,Op,Actual,VSCN,86479482100,45309160000,9374364590,8,28,2.58
PJ,2025,Op,Budget,VSCN,65103445958,35934795410,0,10,1,2.34
PJ,2025,Op,Forecast,VSCN,60090913801,26351957511,-9582837899,9,6,2.45
